カオマンガイ専門店 タイ料理ヒウマイ 千葉店,"Japan, 〒276-0020 Chiba, Chuo Ward, Sakaecho, 22−13 MIYABIビル8F",mobile number exception occurred, 
加悦のピザ屋 Kaetsu no pizza ya,"1 Chome-19 Nobuto, Chuo Ward, Chiba, 260-0032, Japan",mobile number exception occurred, 
秘伝焦がしたれ焼肉丼 やきはち 千葉 Yakinikudon Yakihachi Chiba,address exception occurred,mobile number exception occurred, 
鉄板焼肉 なんしようと？千葉駅前店 TEPPAN YAKINIKU ~ NANSHIYOTO？~,address exception occurred,mobile number exception occurred, 
大阪王将 千葉中央店 Osaka Ohsho Chiba Chuo,"Japan, 〒260-0015 Chiba, Chuo Ward, Fujimi, 2 Chome−13−3 第一電機ビル 1F",mobile number exception occurred, 
マンジュキッチン Manju Kitchen,"Japan, 〒260-0032 Chiba, Chuo Ward, Nobuto, 1 Chome−15−13 TKビル 1F",mobile number exception occurred, 
"東京からあげ専門店 あげたて千葉中央店＠まるから A specialty store from Tokyo, freshly prepared Chiba chuo store @ marukara Straw",address exception occurred,mobile number exception occurred, 
カレーハウス CoCo壱番屋 千葉中央駅東口店 Curry House CoCo Ichibanya Chiba Chuo Station Higashiguchi,"2 Chome-23-10 Fujimi, Chuo Ward, Chiba, 260-0015, Japan",mobile number exception occurred, 
ほっかほっか亭 問屋町（千葉）店 Hokkahokka-tei Tonyacho (Chiba),"12-1 Tonyacho, Chuo Ward, Chiba, 260-0025, Japan",mobile number exception occurred, 
壱角家 千葉駅前 Ichikakuya Chiba Station,"Japan, 〒260-0015 Chiba, Chuo Ward, Fujimi, 2 Chome−4−16 金子ビル 1Ｆ",mobile number exception occurred, 
インド料理ルンビニ Indian Restaurant LUMBINI,address exception occurred,mobile number exception occurred, 
ほっともっと 千葉みなと店 Hotto Motto Chiba Minato,"1 Chome-16-5 Saiwaicho, Mihama Ward, Chiba, 261-0001, Japan",mobile number exception occurred, 
ザ・ダッド・ボッド・バーガー 千葉 The Dad Bod Burger Chiba,address exception occurred,mobile number exception occurred, 
テクスメクス・サブローザ 千葉 TEXMEX SABROSA Chiba,address exception occurred,mobile number exception occurred, 
吉野家 千葉中央店 Yoshinoya CHIBA CHUO,"Japan, 〒260-0015 Chiba, Chuo Ward, Fujimi, 2 Chome−22−15 星野ビル １Ｆ",mobile number exception occurred, 
ハワイアンダイニング プロア Hawaiian Dining PUROA,"Japan, 〒260-0021 Chiba, Chuo Ward, Shinjuku, 2 Chome−2−2 第３プレシードビル B1F",mobile number exception occurred, 
蒙古タンメン中本 千葉店 Moukotanmen Nakamoto Chiba,"Japan, 〒260-0015 Chiba, Chuo Ward, Fujimi, 2 Chome−14−1 千葉ＥＸビル 1F",mobile number exception occurred, 
天丼てんや 千葉シーワン Tendon tenya Chiba C1,"2 Chome-25-1 Fujimi, Chuo Ward, Chiba, 260-0015, Japan",+81 43-221-6845, 
肉盛りそば つけ匠 【肉とろろ蕎麦に旨辛ラー油！】千葉駅前店,address exception occurred,mobile number exception occurred, 
爆発的にデカい唐揚げ専門店 爆カラ 千葉駅前店 EXTRA Large KARAAGE【BAKUKARA】,address exception occurred,mobile number exception occurred, 
やよい軒 千葉シーワン店 Yayoiken Chiba C-One,"2 Chome-24-1 Fujimi, Chuo Ward, Chiba, 260-0015, Japan",+81 43-201-0238, 
低温調理サラダチキン専門店 きちんと、チキン。千葉駅前店 Sous-vide Chicken【KICHIN TO CHICKEN】,address exception occurred,mobile number exception occurred, 
ガスト 千葉中央店 Gusto Chiba Chuo,"Japan, 〒260-0015 Chiba, Chuo Ward, Fujimi, 2 Chome−13−1 第二山崎ビル",mobile number exception occurred, 
ケバブマニア 千葉 KEBAB MANIA Chiba,address exception occurred,mobile number exception occurred, 
ピザハット 千葉 Pizza Hut,address exception occurred,mobile number exception occurred, 
チキンズ・タイム 千葉 CHICKEN'S TIME Chiba,address exception occurred,mobile number exception occurred, 
割烹 駿河 kappou suruga,"Japan, 〒260-0028 Chiba, 千葉市中央区Chuo Ward, Shinmachi, １−12",mobile number exception occurred, 
ジョナサン 千葉中央駅前店 Jonathan's Chiba Chuo Ekimae,"Japan, 〒260-0015 Chiba, Chuo Ward, Fujimi, 2 Chome−23−8 山野井ビル ２Ｆ",mobile number exception occurred, 
旨い海鮮丼 三四味屋【ちらし寿司/丼/刺身】 千葉中央店,address exception occurred,mobile number exception occurred, 
夜のケーキ屋さん YorunoCake-yasan,"2 Chome-12-5 Fujimi, Chuo Ward, Chiba, 260-0015, Japan",mobile number exception occurred, 
鬼辛痺まぜそば 鬼炎 千葉 Onikarashibi Kien Chiba,address exception occurred,mobile number exception occurred, 
磯丸水産 千葉駅前店 Isomaru Suisan Chiba Station,"Japan, 〒260-0015 Chiba, Chuo Ward, Fujimi, 2 Chome−4−9 ラフィネビル 1F",mobile number exception occurred, 
炭火焼Bar ホルモン‘Ｓ Chacoal-grilled-Bar HORUMON'S,address exception occurred,mobile number exception occurred, 
牛カツ京都勝牛 ペリエ千葉店,"Japan, 〒260-0031 Chiba, Chuo Ward, Shinchiba, 1 Chome−1−1 ペリエ千葉 B1",+81 43-307-7080, 
油そば 一門屋 千葉 Aburasoba Ichimonya Chiba,address exception occurred,mobile number exception occurred, 
中華菜館 豊葉 Chukasaikan houyou,address exception occurred,mobile number exception occurred, 
サンマルクカフェ 千葉C-one,"2 Chome-24-1 Fujimi, Chuo Ward, Chiba, 260-0015, Japan",+81 43-226-1309, 
からあげ専門店 巨匠の食卓 千葉駅前店,address exception occurred,mobile number exception occurred, 
至高の天丼 なかの家【海鮮天ぷら/定食】 千葉中央店,address exception occurred,mobile number exception occurred, 
【お肉＆どんぶり専門店】どんきち 千葉店 Donkichi,address exception occurred,mobile number exception occurred, 
手づくり生地のアメリカンピザ トランク American Pizza and Craft Beer TRUNK,"Japan, 〒260-0014 Chiba, Chuo Ward, Honchibacho, 2−5 今関ビル2階",mobile number exception occurred, 
うなぎの岡島 千葉駅前店,address exception occurred,mobile number exception occurred, 
東京どんぶり専門店 どんぶりマニア 千葉中央＠まるから店 Tokyo Donburi Specialty Store Donburi Mania Chiba Chuo @ Marukara Store,address exception occurred,mobile number exception occurred, 
ステーキハウスKUISHINBOU Steak house KUISHINBOU,address exception occurred,mobile number exception occurred, 
究極の豚丼 豚まつ【グルメな豚焼肉丼】 千葉駅前店,address exception occurred,mobile number exception occurred, 
北海道魚鮮水産 千葉駅西口店 Hokkaido Uosensuisan Chiba Station West Exit,"Japan, 〒260-0031 Chiba, Chuo Ward, Shinchiba, 1 Chome−4−1 ウェストリオ1 1F",mobile number exception occurred, 
アクア エ ソーレ ACQUA E SOLE,"2-11 Honchibacho, Chuo Ward, Chiba, 260-0014, Japan",mobile number exception occurred, 
やたらネタがデカい寿司屋【海鮮丼/鮨】千葉中央店,address exception occurred,mobile number exception occurred, 
土間土間 千葉P-ARK店 Domadoma Chiba P-ARK,"Japan, 〒260-0015 Chiba, Chuo Ward, Fujimi, 2 Chome−4−5 ﾋﾟｰｱｰｸ千葉ﾃﾞｼﾞﾀﾙﾀｳﾝ4F",mobile number exception occurred, 
すし銚子丸 千葉駅前店,"2 Chome-25-1 Fujimi, Chuo Ward, Chiba, 260-0015, Japan",mobile number exception occurred, 
職人の寿司～築地日本海 千葉駅前店【鮨/ちらし/海鮮丼】,"Japan, 〒260-0015 Chiba, Chuo Ward, Fujimi, 1 Chome−1−1 千葉駅前ビル 1階",mobile number exception occurred, 
極上ローストビーフ丼「Meat Fall」 千葉中央,address exception occurred,mobile number exception occurred, 
串かつでんがな 千葉西口店,"Japan, 〒260-0031 Chiba, Chuo Ward, Shinchiba, 1 Chome−4−1 ウエストリオ1 1F",+81 43-243-2666, 
溶岩焼きビビンパ専門店「ファルファサン」 千葉中央,address exception occurred,mobile number exception occurred, 
MAXCAFE 千葉中央駅前店,address exception occurred,mobile number exception occurred, 
コメダ珈琲店 千葉富士見店 Komeda's Coffee Chiba Fujimi,"Japan, 〒260-0015 Chiba, Chuo Ward, Fujimi, 2 Chome−14−1 千葉ＥＸビル",+81 43-304-6270, 
ローソン 千葉センシティ前,"Japan, 〒260-0028 Chiba, Chuo Ward, Shinmachi, １８−10",mobile number exception occurred, 
伝説のすた丼屋 千葉富士見店 Densetsu no Sutadon Chiba-Fujimi,"2 Chome-7-11 Fujimi, Chuo Ward, Chiba, 260-0015, Japan",mobile number exception occurred, 
幸楽苑 千葉中央店 Kourakuen Chiba Chuo,"Japan, 〒260-0022 Chiba, Chuo Ward, Shinmeicho, ２１−9",mobile number exception occurred, 
ナンハウス 千葉店 Naan House Chiba,"Japan, 〒260-0028 Chiba, Chuo Ward, Shinmachi, １５−5",+81 43-307-3353, 
マクドナルド 千葉富士見町店 McDonald's CHIBA FUJIMI-CHO,"2 Chome-4-14 Fujimi, Chuo Ward, Chiba, 260-0015, Japan",mobile number exception occurred, 
龍翔堂 千葉中央店 タピオカティー ryuusyoudou tapioka,"2 Chome-9-17 Fujimi, Chuo Ward, Chiba, 260-0015, Japan",mobile number exception occurred, 
スターバックス コーヒー 千葉センシティタワー店 Starbucks Coffee,"Japan, 〒260-0028 Chiba, Chuo Ward, Shinmachi, 1000 千葉センシティタワー １F",mobile number exception occurred, 
スターバックス コーヒー 千葉中央駅店 Starbucks Coffee,"Japan, 〒260-0014 Chiba, Chuo Ward, Honchibacho, 15−1 ミラマーレショッピングセンターミーオ 2",+81 43-202-1501, 
マクドナルド 京成千葉中央店 McDonald's KEISEI-CHIBA-CHUO,"2 Chome-23-9 Fujimi, Chuo Ward, Chiba, 260-0015, Japan",mobile number exception occurred, 
ほっともっと 東千葉店 Hotto Motto,"2 Chome-25-3 Higashichiba, Chuo Ward, Chiba, 260-0041, Japan",mobile number exception occurred, 
東京ハンバーグ専門店 ミートキング西千葉店＠手羽市Tokyo hamburger specialty store Meet King Nishi Chiba store @ Tsubasa City,address exception occurred,mobile number exception occurred, 
すき家 126号千葉弁天店 Sukiya 126-go Chiba Benten,"4 Chome-11-26 Benten, Chuo Ward, Chiba, 260-0045, Japan",mobile number exception occurred, 
すき家 西千葉駅前店 Sukiya Nishichiba Ekimae,"2 Chome-18-37番1 Kasuga, Chuo Ward, Chiba, 260-0033, Japan",mobile number exception occurred, 
栄町のたこやき屋さん 蛸TAKO TAKOTAKO Sakaecho,"37-6 Sakaecho, Chuo Ward, Chiba, 260-0016, Japan",mobile number exception occurred, 
スターバックス コーヒー そごう千葉ジュンヌ店 Starbucks Coffee SOGO Chiba JUNNU,"そごう千葉店ジュンヌ, 1001 Shinmachi, Chuo Ward, Chiba, 260-0028, Japan",+81 43-245-2533, 
ローソン 千葉祐光四丁目 Lawson Chiba Yuko 4chome,"4 Chome-17-9 Yuko, Chuo Ward, Chiba, 260-0007, Japan",mobile number exception occurred, 
ロッテリア ペリエ西千葉ＦＳ店 LOTTERIA Perie Nishi Chiba FS,"2 Chome-24-4 Kasuga, Chuo Ward, Chiba, 260-0033, Japan",mobile number exception occurred, 
ほっともっと 亀井町店 Hotto Motto,"15-17 Higashihoncho, Chuo Ward, Chiba, 260-0004, Japan",mobile number exception occurred, 
薬膳火鍋九里香 Yakuzenhinabe kurika,"Japan, 〒260-0015 Chiba, Chuo Ward, Central, 12, 富士見2丁目12-1 虎屋ビル 2Fは",mobile number exception occurred, 
カレーハウス CoCo壱番屋 中央区鶴沢町店 Curry House CoCo Ichibanya Chuoku Tsurusawacho,"20-２３ Tsurusawacho, Chuo Ward, Chiba, 260-0003, Japan",mobile number exception occurred, 
巣ごもり食堂 ていしょく屋【おうち定食・弁当・丼】 西千葉店,"2 Chome-23-5 Kasuga, Chuo Ward, Chiba, 260-0033, Japan",mobile number exception occurred, 
かつや 千葉末広店 Katsuya CHIBA SUEHIRO,"4 Chome-13-9 Suehiro, Chuo Ward, Chiba, 260-0843, Japan",mobile number exception occurred, 
スシロー 千葉中央店 Sushiro CHIBA CHUO,"Japan, 〒260-0015 Chiba, Chuo Ward, Fujimi, 2 Chome−11−1 日土地千葉ビル2F",mobile number exception occurred, 
松屋 西千葉店 Matsuya Nishichiba,"Japan, 〒260-0033 Chiba, Chuo Ward, Kasuga, 2 Chome−19−9 西千葉西口ビル",mobile number exception occurred, 
カラデニズ61 KARADENIZ61,"3 Chome-18-8 Central, Chuo Ward, Chiba, 260-0013, Japan",mobile number exception occurred, 
"東京からあげ専門店 あげたて西千葉＠手羽市 A specialty store in Tokyo, freshly raised Nishi Chiba @ wing city","Japan, 〒260-0033 Chiba, 千葉県Chiba, Chuo Ward, Kasuga, 2 Chome−25−3 千寿ビル1F",mobile number exception occurred, 
韓国食堂 明 KANKOKU SHOKUDOU MEI,address exception occurred,mobile number exception occurred, 
インド料理ガザル INDIAN RESTAURANT GAJALU,"4-1 Yayoicho, Inage Ward, Chiba, 263-0022, Japan",mobile number exception occurred, 
高田家,address exception occurred,mobile number exception occurred, 
スシロー 千葉みなと店 Sushiro CHIBA MINATO,"170-1 Shinminato, Mihama Ward, Chiba, 261-0002, Japan",mobile number exception occurred, 
雪の茶 Yukinocha,address exception occurred,mobile number exception occurred, 
茶の恋 Tea no Love,address exception occurred,mobile number exception occurred, 
松屋 末広街道店 Matsuya Suehiro Kaidou,"2 Chome-3-4 Suehiro, Chuo Ward, Chiba, 260-0843, Japan",mobile number exception occurred, 
松屋 東千葉店 Matsuya Higashi-Chiba,"2 Chome-15-5 Yuko, Chuo Ward, Chiba, 260-0007, Japan",mobile number exception occurred, 
デニーズ 千葉祐光店 Denny's CHIBA YUKO,"4 Chome-1-4 Yuko, Chuo Ward, Chiba, 260-0007, Japan",mobile number exception occurred, 
かっぱ寿司 千葉東寺山店 Kappazushi Chiba Higashi Terayama,"809-1 Higashiterayamacho, Wakaba Ward, Chiba, 264-0035, Japan",mobile number exception occurred, 
なか卯 千葉富士見店 Nakau Chiba Fujimi,"2 Chome-12-2 Fujimi, Chuo Ward, Chiba, 260-0015, Japan",mobile number exception occurred, 
バーミヤン 千葉出洲港店 Bamiyan Chiba Dezuminato,"1-7 Dezuminato, Chuo Ward, Chiba, 260-0023, Japan",mobile number exception occurred, 
吉野家 千葉モノレール天台駅前店 Yoshinoya CHIBA MONORAIL TENDAI EKIMAE,"5 Chome-5-24 Todorokicho, Inage Ward, Chiba, 263-0021, Japan",mobile number exception occurred, 
磯丸水産 千葉中央駅前店 Isomaru Suisan Chiba Chuo Station,address exception occurred,mobile number exception occurred, 
ガスト 西千葉駅ビル店 Gusto Nishi Chiba Eki Building,"2 Chome-24-4 Kasuga, Chuo Ward, Chiba, 260-0033, Japan",mobile number exception occurred, 
スパゲッティーのパンチョ 千葉栄町店 Spaghetti of Pancho Chiba Sakaecho,"Japan, 〒260-0016 Chiba, Chuo Ward, Sakaecho, 16−1 エビスビル 1階",mobile number exception occurred, 
松屋 千葉幸町店 Matsuya Chiba Saiwaimachi,"2 Chome-21-30 Saiwaicho, Mihama Ward, Chiba, 261-0001, Japan",mobile number exception occurred, 
吉野家 都町店 Yoshinoya MIYAKO CHO,"2 Chome-2-5 Miyakocho, Chuo Ward, Chiba, 260-0001, Japan",mobile number exception occurred, 
ジョリーパスタ 千葉登戸店 Jolly Pasta Chiba Nobuto,"4 Chome-13-10 Nobuto, Chuo Ward, Chiba, 260-0032, Japan",mobile number exception occurred, 
ココス 千葉末広 COCO'S Chiba-Suehiro,"3 Chome-16-1 Suehiro, Chuo Ward, Chiba, 260-0843, Japan",mobile number exception occurred, 
サーティワン アイスクリーム アリオ蘇我店 31 IceCream Ario Soga,"52-7 Kawasakicho, Chuo Ward, Chiba, 260-0835, Japan",+81 43-310-6931, 
ココス 千葉青葉の森公園 COCO'S Chiba-Aobanomori-Park,"1259 Aobacho, Chuo Ward, Chiba, 260-0852, Japan",mobile number exception occurred, 
海鮮野郎 Kaisenｰyaro,address exception occurred,mobile number exception occurred, 
夢庵 千葉高品町店 Yumean Chiba Takashinacho,"1587-4 Takashinacho, Wakaba Ward, Chiba, 264-0024, Japan",mobile number exception occurred, 
Dining Darts Bar Jolly,"Japan, 〒263-0022 Chiba, Inage Ward, Yayoicho, 4−3 Gland Palace西千葉 207号",mobile number exception occurred, 
ココス 千葉貝塚店 COCO'S,"2034-7 Kaizukacho, Wakaba Ward, Chiba, 264-0023, Japan",mobile number exception occurred, 
うなぎの岡島 千葉中央駅前店,"1 Chome-2-12 Central, Chuo Ward, Chiba, 260-0013, Japan",mobile number exception occurred, 
焼肉ホルモン 小竹家 千葉店 yakiniku kotakeya chiba,"Japan, 〒260-0015 Chiba, Chuo Ward, Fujimi, 1 Chome−14−12 山雅ビル",mobile number exception occurred, 
しゃぶしゃぶ どん亭 千葉中央,"2 Chome-4-16 Miyakocho, Chuo Ward, Chiba, 260-0001, Japan",mobile number exception occurred, 
北インド料理ガガル 千葉中央店 North Indian Restaurant GAGAR Chibachuo,address exception occurred,mobile number exception occurred, 
日韓大衆居酒屋食堂 サラン,address exception occurred,mobile number exception occurred, 
海鮮千葉料理　おでんでんでん 千葉中央店 Kaisenchiba OdenDenDen Chibachuo,"2 Chome-2-5 Central, Chuo Ward, Chiba, 260-0013, Japan",mobile number exception occurred, 
ジョナサン 西千葉店 Jonathan's Nishi Chiba,"855-2 Sakusabecho, Inage Ward, Chiba, 263-0014, Japan",mobile number exception occurred, 
和食レストラン とんでん 千葉幸町店 Tonden Chiba Saiwaicho,"2 Chome-20-29 Saiwaicho, Mihama Ward, Chiba, 261-0001, Japan",mobile number exception occurred, 
石焼ビビンパ 蘇我島忠ホームズ Ishiyaki bibimbap Soga Shimachu HOMES,address exception occurred,mobile number exception occurred, 
ちば屋 丼丸 chibaya donmaru,address exception occurred,mobile number exception occurred, 
紅茶専門店 紅茶舗サウザンドリーフ TEA SHOP Thousandleaf,address exception occurred,mobile number exception occurred, 
一里 Ichiri,address exception occurred,mobile number exception occurred, 
東昇餃子宴,"2 Chome-32-8 Higashichiba, Chuo Ward, Chiba, 260-0041, Japan",mobile number exception occurred, 
大衆酒蔵 庄や 【鮮魚/焼鳥/煮込/海鮮丼/定食】 西千葉店 Syoya Nishi Chiba,"2 Chome-23-5 Kasuga, Chuo Ward, Chiba, 260-0033, Japan",mobile number exception occurred, 
中国料理 生味園 Chinese Restaurant Seimien,"1 Chome-13-29 Chikko, Tamano, Okayama 706-0002, Japan",mobile number exception occurred, 
華屋与兵衛 東千葉 Hanayayohei Higashichiba,"2 Chome-32-10 Higashichiba, Chuo Ward, Chiba, 260-0041, Japan",mobile number exception occurred, 
アダルサ 千葉店 Indian Restaurant ADARSHA Chiba,"Japan, 〒260-0013 Chiba, Chuo Ward, Central, 3 Chome−15−15 大 館ビル1F",mobile number exception occurred, 
ロイヤルホスト 幸町店,"2 Chome-24-35 Saiwaicho, Mihama Ward, Chiba, 261-0001, Japan",mobile number exception occurred, 
しゃぶしゃぶ温野菜 千葉中央店 Shabu Shabu Onyasai Chiba Chuo,"Japan, 〒260-0013 Chiba, Chuo Ward, Central, 2 Chome−2−8 秀和ビル 6F",mobile number exception occurred, 
梅の花 千葉店,"4 Chome-20-7 Yuko, Chuo Ward, Chiba, 260-0007, Japan",mobile number exception occurred, 
江戸前すし百萬石 幸町店,"2 Chome-22-26 Saiwaicho, Mihama Ward, Chiba, 261-0001, Japan",mobile number exception occurred, 
千葉やぐら chibayagura,"Japan, 〒260-0015 Chiba, Chuo Ward, Fujimi, 1 Chome−15−2 クラマンビル3F",mobile number exception occurred, 
Eureka Coffee Roasters,"1 Chome-8-16 Midoricho, Inage Ward, Chiba, 263-0023, Japan",mobile number exception occurred, 
からあげ専門店 巨匠の食卓 千葉中央駅前店,address exception occurred,mobile number exception occurred, 
東京どんぶり専門店 どんぶりマニア 西千葉＠手羽市店 Tokyo Donburi Specialty Store Donburi Mania Nishi-Chiba @ Teba City Store,address exception occurred,mobile number exception occurred, 
東京ハンバーグ専門店 ミートキング千葉店＠わらやき三四郎Tokyo hamburger specialty store Meet King Chiba store @ Warayaki Sanshiro,address exception occurred,mobile number exception occurred, 
カマル 千葉 美浜店 Kamal indian and nepali restaurant,"1 Chome-18-1 Saiwaicho, Mihama Ward, Chiba, 261-0001, Japan",mobile number exception occurred, 
肉盛りそば つけ匠 【肉とろろ蕎麦に旨辛ラー油！】千葉中央店,address exception occurred,mobile number exception occurred, 
万龍軒 manryuken,address exception occurred,mobile number exception occurred, 
アエレカフェ Aéré café,address exception occurred,mobile number exception occurred, 
シリザナ 千葉寺店 SIRJANA Chibadera,"Japan, 〒260-0843 Chiba, Chuo Ward, Suehiro, 4 Chome−14−8 1Ｆ",mobile number exception occurred, 
タンメン 胖 tanmen ban,"16-5 Honchibacho, Chuo Ward, Chiba, 260-0014, Japan",mobile number exception occurred, 
肉市場 千葉店 NIKUICHIBA Chiba,address exception occurred,mobile number exception occurred, 
"東京からあげ専門店 あげたて千葉店＠藁焼き三四郎 A specialty store from Tokyo, freshly prepared Chiba store @ Sanshiro Straw","Japan, 〒260-0013 Chiba, Chuo Ward, Central, 1 Chome−10−7 日進ビル中央1・2F",mobile number exception occurred, 
北海道どんぶり&大粒たこ焼き 【四五六 -shigoro-】 shigoro,address exception occurred,mobile number exception occurred, 
唐揚げ宅配専門店 赤丸唐揚げ 千葉駅前店 Akamaru Karaage Chiba Station,address exception occurred,mobile number exception occurred, 
吉野家 千葉末広街道店 Yoshinoya CHIBA SUEHIRO KAIDO,"3 Chome-17-1 Suehiro, Chuo Ward, Chiba, 260-0843, Japan",mobile number exception occurred, 
牛角 西千葉店 Gyukaku Nishichiba,"Japan, 〒260-0033 Chiba, Chuo Ward, Kasuga, 2 Chome−25−4 三央第一ﾋﾞﾙ 1F",mobile number exception occurred, 
クロッカン croquant,address exception occurred,mobile number exception occurred, 
ホルモン焼肉 せなや Hormone Yakiniku SENAYA,"Japan, 〒260-0021 Chiba, Chuo Ward, Shinjuku, 2 Chome−11−1 第四藤や観光ビル2F",+81 43-306-2990, 
どんぶり専門店Rice bowl！（ライスボール!） Rice bowl specialty store,address exception occurred,mobile number exception occurred, 
バルサ 東千葉 BARSHA Higashi-Chiba,"Japan, 〒260-0018 Chiba, Chuo Ward, Innai, 2 Chome−1−1 1F",mobile number exception occurred, 
仙台牛たん＆牡蠣　千葉仙台や,address exception occurred,mobile number exception occurred, 
和ひろ Wahiro,"Japan, 〒260-0015 Chiba, Chuo Ward, Fujimi, 2 Chome−18−8 ＭＦ８ビル １F",mobile number exception occurred, 
一条もんこ先生のカレー診療所 千葉南口院 Dr.Ichijo Monko Curry Clinic Chiba South,address exception occurred,mobile number exception occurred, 
北海道ラーメン専門店　北じんじん kitajinjin,address exception occurred,mobile number exception occurred, 
ハンバーグ パテ トツカ Humburg Pate Totsuka,"4 Chome-3-5 Central, Chuo Ward, Chiba, 260-0013, Japan",mobile number exception occurred, 
季季香 kikikou,address exception occurred,mobile number exception occurred, 
てけてけ JR千葉店 Teketeke Jr Chiba,"Japan, 〒260-0015 Chiba, Chuo Ward, Fujimi, 1 Chome−1−1 地下１階 千葉駅前ビル",mobile number exception occurred, 
インディアンキッチン・ラソイ Indian Kitchen RASOI,"Japan, 〒260-0027 Chiba, Chuo Ward, Shindencho, 15−1 ダイアパレス千葉新田第１",mobile number exception occurred, 
ベジとる Vegitoru,address exception occurred,mobile number exception occurred, 
紅灯万来(コウトウバンライ),address exception occurred,mobile number exception occurred, 
ブルズステーキハウス BULLS STEAK HOUSE,"Japan, 〒260-0015 Chiba, Chuo Ward, 12, 中央区 富士見2-12-6 -1F",mobile number exception occurred, 
さくら ＳＡＫＵＲＡ,Battaramulla,mobile number exception occurred, 
"希少部位を使用したステーキ弁当！絶品洋食 美彩や Steak bento,Western-style food Bisaiya",address exception occurred,mobile number exception occurred, 
ペルスネージュ PERCE NEIGE cake,address exception occurred,mobile number exception occurred, 
鶏から揚げ研究所 千葉店,address exception occurred,mobile number exception occurred, 
炭火焼肉ホルモン酒場スターキッチン star kitchen,"2 Chome-8-10-101 Shinchiba, Chuo Ward, Chiba, 260-0031, Japan",mobile number exception occurred, 
イタリアン&カフェ 西千葉 DEAR FROM Italian & Cafe DAER FROM,"ラ・ペール春日 1階, 2 Chome-10-8 Kasuga, Chuo Ward, Chiba, 260-0033, Japan",mobile number exception occurred, 
フライドチキン・タイガー FRIED CHIKEN Tiger,"Japan, 〒260-0027 Chiba, Chuo Ward, Shindencho, 6−2 サンセイハイム千葉1F",mobile number exception occurred, 
牛角 東千葉店 Gyukaku Higashichiba,"Japan, 〒260-0007 Chiba, Chuo Ward, Yuko, ４−18",mobile number exception occurred, 
東昇酒家 富士見店 Tousyo Shuka Fujimi,"2 Chome-21-12 Fujimi, Chuo Ward, Chiba, 260-0015, Japan",mobile number exception occurred, 
九州の宅配便 Kyushunotakuhaibin,address exception occurred,mobile number exception occurred, 
バッチコイ!!カレー 千葉 Bacchikoi!! Curry Chiba,address exception occurred,mobile number exception occurred, 
煮豚飯・弁当 虎園 Nibuta han & Bento TORAEN,address exception occurred,mobile number exception occurred, 
かまどか 千葉店 Kamadoka,"Japan, 〒260-0015 Chiba, Chuo Ward, Fujimi, 2 Chome−13−4 さかいビル 2F",mobile number exception occurred, 
我流らあめん風神 GARYU RAMEN HUJIN,address exception occurred,mobile number exception occurred, 
四川料理 酔盧Shisen Food Restaurant SUIRO,address exception occurred,mobile number exception occurred, 
浪花屋鳥造 千葉富士見店 Naniwaya Torizo chibafujimiten,"2 Chome-13-5 Fujimi, Chuo Ward, Chiba, 260-0015, Japan",mobile number exception occurred, 
インドネパール料理 ラリーグラス Indian Nepali Foods LALI GURAS,address exception occurred,mobile number exception occurred, 
サンドイッチーズ Sandwich&Cheese 千葉店 Sandwicheese chibaten,address exception occurred,mobile number exception occurred, 
健康中華料理 餃子軒 Gyozaken,"2 Chome-13-3 Konakadai, Inage Ward, Chiba, 263-0043, Japan",mobile number exception occurred, 
唐揚げ専門店 TORIKARA 西千葉店 TORIKARA Nishi Chiba,address exception occurred,mobile number exception occurred, 
アジアンマーケットGarula asianmarket Garula,"1 Chome-9-8 Innai, Chuo Ward, Chiba, 260-0018, Japan",+81 43-305-5477, 
カフェ ミロク cafe 369,"Japan, 〒260-0013 Chiba, Chuo Ward, Central, 3 Chome−14−1 STビル 1F",mobile number exception occurred, 
北海道バー スプラウト hokkaidou bar sprout,address exception occurred,mobile number exception occurred, 
ピッツァ サルヴァトーレ クオモ 千葉店 PIZZA SALVATORE CUOMO Chiba,"Japan, 〒260-0015 Chiba, Chuo Ward, Fujimi, 1 Chome−1−14 ダイワロイネットホテル千葉駅前 1F",+81 43-223-5965, 
豚丼の極み　千葉店,address exception occurred,mobile number exception occurred, 
すし旬鮮料理 しゃり膳　千葉店　Sushi Sharizen Chibaten,"2 Chome-1-1 Narashinodai, Funabashi, Chiba 274-0063, Japan",mobile number exception occurred, 
韓国料理ソルロンタン専門店牛村 Korea Restaurant woochon,address exception occurred,mobile number exception occurred, 
土間土間 西千葉店 Domadoma Nishichiba,"Japan, 〒260-0033 Chiba, Chuo Ward, Kasuga, 2 Chome−23−6 ＮＣビル 4F",mobile number exception occurred, 
【海の宝石 海鮮丼】六時裏 浜庖丁,"Japan, 〒260-0031 Chiba, Chuo Ward, Shinchiba, 1 Chome−7−3 ＣＳＢ新千葉ビル 1F",mobile number exception occurred, 
タピオカ専門店Tapiroka (タピロッカ) Tapioca specialty store Tapiroka,address exception occurred,mobile number exception occurred, 
○5（マルコ） MARUKO,address exception occurred,mobile number exception occurred, 
リカーマウンテン 千葉富士見店 Liquor Mountain CHIBA FUJIMI,"Japan, 〒260-0014 Chiba, Chuo Ward, Honchibacho, 1−3 千葉プリマビル1階",mobile number exception occurred, 
和牛ステーキ 竹田屋 千葉店 wagyu steak takedaya chiba-ten,"Japan, 〒260-0013 Chiba, Chuo Ward, Central, 3 Chome−13−7 コスモ千葉中央浜田ビル",mobile number exception occurred, 
唐揚げ専門店TORIKARA 千葉店 TORIKARA Chiba,address exception occurred,mobile number exception occurred, 
肉野菜工房うまいメシ nikuyasaikoubou umaimeshi,address exception occurred,mobile number exception occurred, 
カフェ・ソリーゾ café-sorriso,address exception occurred,mobile number exception occurred, 
ギフト GIFT,address exception occurred,mobile number exception occurred, 
隠れ菴 忍家 千葉EXビル店,"Japan, 〒260-0015 Chiba, Chuo Ward, Fujimi, 2 Chome−14−1 千葉ＥＸビル 8F",mobile number exception occurred, 
旨い海鮮丼 三四味屋【ちらし寿司/丼/刺身】 西千葉,address exception occurred,mobile number exception occurred, 
アヤットインドネパールレストラン,address exception occurred,mobile number exception occurred, 
タージ・パレス TAJ PALACE,address exception occurred,mobile number exception occurred, 
ワイワイジーファクトリー Y.Y.G. Factory,"Japan, 〒260-0854 Chiba, Chuo Ward, Nagazu, 1 Chome−23−4 １F",mobile number exception occurred, 
中華料理 金星 chuukaryouri kinsei,address exception occurred,mobile number exception occurred, 
令和中華食堂 REIWA Chinese Restaurant,address exception occurred,mobile number exception occurred, 
究極の鮮科KOKORO,address exception occurred,mobile number exception occurred, 
一期邸 ICHIGO-TEI,address exception occurred,mobile number exception occurred, 
宮崎チキン本舗 千葉中央店 Miyazaki Chiken Honpo Chibachuo,address exception occurred,mobile number exception occurred, 
ふわとろオムライス専門店 フレッシュ エッグス Fresh Eggs,address exception occurred,mobile number exception occurred, 
パーティー料理専門店 IENOMI Bar（イエノミバル） Party food IENOMI Bar,address exception occurred,mobile number exception occurred, 
やたらネタがデカい寿司屋【海鮮丼/鮨】西千葉店,address exception occurred,mobile number exception occurred, 
日本橋 かなえや Nihonbashi Kanaeya,address exception occurred,mobile number exception occurred, 
北海道かに将軍 千葉店 Hokkado Kani Shogun Chiba,"2 Chome-7-3 Fujimi, Chuo Ward, Chiba, 260-0015, Japan",mobile number exception occurred, 
コメダ珈琲店 千葉東寺山店 Komeda's Coffee Chiba Higashiterayama,"882-1 Higashiterayamacho, Wakaba Ward, Chiba, 264-0035, Japan",mobile number exception occurred, 
エウレカコーヒーロースターズ Lot.2 Eureka Coffee Roasters Lot.2,"1 Chome-8-16 Midoricho, Inage Ward, Chiba, 263-0023, Japan",mobile number exception occurred, 
はなまるうどん ペリエ西千葉店 Hanamaru Udon PERIE NISHI CHIBA,"2 Chome-24-4 Kasuga, Chuo Ward, Chiba, 260-0033, Japan",mobile number exception occurred, 
溶岩焼きビビンパ専門店「ファルファサン」 新町,address exception occurred,mobile number exception occurred, 
宅配とんかつ専門店 かさねや 千葉中央店,"35-8 Shindencho, Chuo Ward, Chiba, 260-0027, Japan",mobile number exception occurred, 
ワールド キッチン アンド バー ジャムツリー WORLD KITCHEN ＆ BAR JAM TREE,"1 Chome-13-22 Nobuto, Chuo Ward, Chiba, 260-0032, Japan",mobile number exception occurred, 
東京どんぶり専門店 どんぶりマニア 千葉＠藁焼き三四郎店Tokyo Donburi Specialty Store Donburi Mania Chiba@Straw Grill Sanshiro Store,address exception occurred,mobile number exception occurred, 
メロン デ メロン 千葉中央店 Melon de melon chibachuo,address exception occurred,mobile number exception occurred, 
木村屋本店 千葉駅前,"Japan, 〒260-0015 Chiba, Chuo Ward, Fujimi, 2 Chome−5−3 ラピエール 2F",mobile number exception occurred, 
焦がしにんにくラー油蕎麦 まぁらぁ庵 千葉 Chili Oil Noodle Ma-la An Chiba,address exception occurred,mobile number exception occurred, 
パック.バブルズ.ドリンク 千葉,address exception occurred,mobile number exception occurred, 
濱龍 Hamaryu,address exception occurred,mobile number exception occurred, 
日暮らしサンドウィッチ Higurashi Sandwich,address exception occurred,mobile number exception occurred, 
吉祥寺肉山の焼肉弁当 千葉中央店,"1 Chome-1-20 Kichijoji Kitamachi, Musashino, Tokyo 180-0001, Japan",mobile number exception occurred, 
頑々坊子,"2 Chome-3-12 Shinchiba, Chuo Ward, Chiba, 260-0031, Japan",mobile number exception occurred, 
極上薬膳スープ 倖碗 千葉店 Medicinal Herbs Soup Kowan Nakano,address exception occurred,mobile number exception occurred, 
カフェ 呂久呂,"Japan, 〒260-0013 Chiba, Chuo Ward, Central, 3 Chome−4−10 野口ビル １階",mobile number exception occurred, 
ザ・ハイドアウト The hideout,"Rangirigama Rd, Kimbissa 21122",mobile number exception occurred, 
ヴィンテージ ウィズ レストラン Vintage with Restaurant,"Japan, 〒260-0015 Chiba, Chuo Ward, Fujimi, 2 Chome−22−6 富士ビル B1",mobile number exception occurred, 
アジアン料理 石井 西千葉店 Asian Cuisine Ishii Nishichiba,address exception occurred,mobile number exception occurred, 
