ドミノ・ピザ 神大寺店 Domino's Pizza Kandaiji Store,"4 Chome-16-7 Kandaiji, Kanagawa Ward, Yokohama, Kanagawa 221-0801, Japan",mobile number exception occurred, 
お寿司屋さんのまかない肉丼＠横浜店,address exception occurred,mobile number exception occurred, 
自家製ローストビーフでつくってみた。＠ビストロバンビーナ横浜,address exception occurred,mobile number exception occurred, 
肉撃！シェラスコ屋さんのまかないカレー＠肉ときどきレモンサワー。横浜,address exception occurred,mobile number exception occurred, 
ケンタッキーフライドチキン 横浜西口店 Kentucky Fried Chicken Yokohamanishiguchi,"2 Chome-7-18 Minamisaiwai, Nishi Ward, Yokohama, Kanagawa 220-0005, Japan",mobile number exception occurred, 
ローソン 神奈川大学前店 Lawson Kanagawa University,"3 Chome-24-12 Rokukakubashi, Kanagawa Ward, Yokohama, Kanagawa 221-0802, Japan",+81 45-481-1675, 
らぁ麺 はやし田 横浜,"Japan, 〒221-0835 Kanagawa, Yokohama, Kanagawa Ward, Tsuruyacho, 2 Chome−19-6 ガレリア横浜 1F",mobile number exception occurred, 
ゴンチャ 横浜西口店 Gong Cha Yokohama Nishiguchi,"Japan, 〒220-0005 Kanagawa, Yokohama, Nishi Ward, Minamisaiwai, 1 Chome−5−1 伊勢丹 FOOD&TIME ISETAN YOKOHAMA 内",+81 45-620-6690, 
中華料理 珍味楼 Chinese Restaurant Tinmirou,address exception occurred,mobile number exception occurred, 
カレーハウス CoCo壱番屋 東急白楽駅前通 Curry House CoCo Ichibanya Tokyu Hakuraku Station,"1 Chome-1-4 Rokukakubashi, Kanagawa Ward, Yokohama, Kanagawa 221-0802, Japan",mobile number exception occurred, 
丼丸 反町店 Bay Donmar Tanmachi,"Japan, 〒221-0841 Kanagawa, 横浜市神奈川区Kanagawa Ward, 松本町2-13-7 尾崎ビル1F",mobile number exception occurred, 
すき家 六角橋店 Sukiya Rokkakubashi,"1 Chome-11-1 Rokukakubashi, Kanagawa Ward, Yokohama, Kanagawa 221-0802, Japan",mobile number exception occurred, 
アイスクリームショップ ツボミ ice cream shop Tsubomi,address exception occurred,mobile number exception occurred, 
アリトル 白楽店 A'LITTLE HAKURAKU,"Japan, 〒221-0802 Kanagawa, Yokohama, Kanagawa Ward, Rokukakubashi, 1 Chome−8−23 羽屋ビル 1階",mobile number exception occurred, 
韓国風旨辛最高＃ヤンニョムチキン。＠鶏兵衛横浜,"Japan, 〒220-0005 Kanagawa, Yokohama, Nishi Ward, Minamisaiwai, 1 Chome−5−27 ヨドバシ相鉄駅前ビル B1F",mobile number exception occurred, 
大戸屋ごはん処 シァルプラット東神奈川店 Ootoya CIAL PLAT HIGASHI-KANAGAWA,"Japan, 〒221-0044 Kanagawa, Yokohama, Kanagawa Ward, Higashikanagawa, 1−29 シァルプラット東神奈川3F",mobile number exception occurred, 
吉野家 １号線三ッ沢中町店 Yoshinoya 1 GOSEN MITSUZAWA-NAKAMACHI,"Japan, 〒221-0851 Kanagawa, Yokohama, Kanagawa Ward, 三ッ沢中町９－７",mobile number exception occurred, 
クリスピー・クリーム・ドーナツ 横浜ジョイナス店 Krispy Kreme Doughnuts Yokohamajoinus,"Japan, 〒220-0005 Kanagawa, Yokohama, Nishi Ward, Minamisaiwai, 1−4 ジョイナス B1F",+81 45-328-3847, 
伝説のすた丼屋 横浜西口店 Densetsu no Sutadonya Yokohama Nishiguchi,"1 Chome-13-11 Okano, Nishi Ward, Yokohama, Kanagawa 220-0073, Japan",mobile number exception occurred, 
ほっともっと 沢渡,"3-1 Sawatari, Kanagawa Ward, Yokohama, Kanagawa 221-0844, Japan",mobile number exception occurred, 
楽茶 Rakucha,address exception occurred,mobile number exception occurred, 
烏煎道黒龍茶 白楽店 Usendou Kokuryucha Hakuraku,address exception occurred,mobile number exception occurred, 
ロッテリア 京急神奈川新町店 LOTTERIA Keikyu Kanagawa Shimmachi,"12-1 Shinmachi, Kanagawa Ward, Yokohama, Kanagawa 221-0043, Japan",mobile number exception occurred, 
ウェンディーズ・ファーストキッチン 横浜パルナード店 Wendy's First Kitchen YOKOHAMA PARUNA-DO,"Japan, 〒220-0005 Kanagawa, Yokohama, Nishi Ward, Minamisaiwai, 2 Chome−15−1 ファーストキッチン横浜パルナード店",mobile number exception occurred, 
壱角家 東神奈川 Ichikakuya Higashikanagawa,"1 Chome-8-1 Nishikanagawa, Kanagawa Ward, Yokohama, Kanagawa 221-0822, Japan",mobile number exception occurred, 
まんぷくドラゴン MANNPUKU DRAGON,"2 Chome Nishikanagawa, Kanagawa Ward, Yokohama, Kanagawa 221-0822, Japan",mobile number exception occurred, 
抖茶時光DOUTEA タピオカ専門店 DOUTEA Tapioca,"2-chōme-26-1 Tsuruyacho, Kanagawa Ward, Yokohama, Kanagawa 221-0835, Japan",mobile number exception occurred, 
ペッパーランチ 横浜天理ビル店 Pepper Lunch Yokohama Tenri Building,address exception occurred,mobile number exception occurred, 
ラリグラス Rarigurasu,address exception occurred,mobile number exception occurred, 
横浜家系ラーメン 町田商店 横浜駅前店 Pork bone soup ramen,"Japan, 〒221-0835 Kanagawa, Yokohama, Kanagawa Ward, Tsuruyacho, 2 Chome−１９−3 アライヤ・ネスト １F",mobile number exception occurred, 
コンマティー 横浜ジョイナス店 comma tea Yokohama Joinus,"Japan, 〒220-0005 Kanagawa, Yokohama, Nishi Ward, Minamisaiwai, 1 Chome−4−４番B１ 相鉄ジョイナス ザ・ダイヤモンド内",mobile number exception occurred, 
ViTO横浜西口店,"Japan, 〒220-0005 Kanagawa, Yokohama, Nishi Ward, Minamisaiwai, 1 Chome−5−1 ＪＯＩＮＵＳ B1",+81 45-620-7820, 
回し寿司活 横浜スカイビル店 Mawashisushi Katsu Yokohamaten,"Japan, 〒220-0011 Kanagawa, Yokohama, Nishi Ward, Takashima, 2 Chome−19−12, Sky Building, 11F",mobile number exception occurred, 
クリスピーチキンアンドトマト 横浜西口店 CRISPY CHICKEN n' TOMATO Yokohama West Exit,address exception occurred,mobile number exception occurred, 
TGIフライデーズ 横浜西口店 TGIFridays Yokohama Nishiguchi,"Japan, 〒220-0004 Kanagawa, Yokohama, Nishi Ward, Kitasaiwai, 1 Chome−1−13 横浜駅前ビル 1F",+81 50-2019-6972, 
はなまるうどん 横浜西口パルナード店 Hanamaru Udon YOKOHAMA NISHIGUCHI PALNADE,"2 Chome-7-15 Minamisaiwai, Nishi Ward, Yokohama, Kanagawa 220-0005, Japan",+81 45-290-8870, 
松屋 反町店 Matsuya Tanmachi,"Japan, 〒221-0841 Kanagawa, Yokohama, Kanagawa Ward, Matsumotocho, 1 Chome−1−9 ＭＫビル",mobile number exception occurred, 
唐揚げ専門 はっぴ商店 横浜大口店,"Japan, 〒221-0002 Kanagawa, Yokohama, Kanagawa Ward, Oguchidori, 11-7 岩崎ビル 1F",mobile number exception occurred, 
デニーズ 片倉町店 Denny's KATAKURACHO,"1 Chome-23-37 Katakura, Kanagawa Ward, Yokohama, Kanagawa 221-0865, Japan",mobile number exception occurred, 
中華料理 美珍 Bichin,address exception occurred,mobile number exception occurred, 
蒙古タンメン中本 横浜店 Moukotanmen Nakamoto Yokohama,"Japan, 〒220-0005 Kanagawa, Yokohama, Nishi Ward, Minamisaiwai, 1 Chome−13−8 相鉄南幸第５ビル",mobile number exception occurred, 
天丼てんや シアルプラット東神奈川 Tendon tenya CIAL PLAT Higashi Kanagawa,"Japan, 〒221-0044 Kanagawa, Yokohama, Kanagawa Ward, Higashikanagawa, 1 Chome−29 シァルプラット 東神奈川",+81 45-450-5096, 
はま寿司 横浜岡野店 Hamazushi Yokohama Okano,"2 Chome-5-18 Okano, Nishi Ward, Yokohama, Kanagawa 220-0073, Japan",mobile number exception occurred, 
サブウェイ ﾏﾙｲｼﾃｨ横浜 SUBWAY Marui City Yokohama,"Japan, 〒220-0011 Kanagawa, Yokohama, Nishi Ward, Takashima, 2 Chome−19−12 マルイシティ横浜",mobile number exception occurred, 
磯丸水産 横浜鶴屋町店 Isomaru Suisan Yokohama Tsuruyacho,"Japan, 〒221-0835 Kanagawa, Yokohama, Kanagawa Ward, Tsuruyacho, 2 Chome−15 横浜西口エフテム白十字ビル1F",mobile number exception occurred, 
machi machi 横浜ルミネ,"Japan, 〒220-0011 Kanagawa, Yokohama, Nishi Ward, Takashima, 2 Chome−16−1 ルミネ横浜 B2F",mobile number exception occurred, 
鶴一家 Tsuruichiya,"1 Chome-7-34 Tsuruyacho, Kanagawa Ward, Yokohama, Kanagawa 221-0835, Japan",mobile number exception occurred, 
ブースサイドキッチン BOOTH SIDE KITCHEN,address exception occurred,mobile number exception occurred, 
とんかつどーんとこい 六角橋本店 Tonkatudontokoi Rokukakubashi,"1 Chome-11-19 Rokukakubashi, Kanagawa Ward, Yokohama, Kanagawa 221-0802, Japan",mobile number exception occurred, 
知味軒 CHIMIKEN,address exception occurred,mobile number exception occurred, 
むさしの森珈琲 三ツ沢店 Musashino Mori Coffee Mitsuzawa,"4-7 Mitsuzawa Kamimachi, Kanagawa Ward, Yokohama, Kanagawa 221-0856, Japan",mobile number exception occurred, 
炒飯総本家【チャーハン専門】横浜西口店,address exception occurred,mobile number exception occurred, 
やきとりセンター 横浜天理ビル店 Yakitori Center Yokohama Tenri Building,"Japan, 〒220-0004 Kanagawa, Yokohama, Nishi Ward, Kitasaiwai, 1 Chome−4−1 横浜天理ビル B1F",+81 45-411-3120, 
ウマミバーガー みなとみらい店 Umami Burger Minatomirai,"Japan, 〒220-0012 Kanagawa, Yokohama, Nishi Ward, Minatomirai, 3 Chome−6−1 みなとみらいセンタービル 内",mobile number exception occurred, 
【丁寧に仕込む国産生野菜】フレッシュネスバーガー 横浜西口店 Freshness Burger Yokohama Nishiguchi,"1 Chome-2-7 Minamisaiwai, Nishi Ward, Yokohama, Kanagawa 220-0005, Japan",mobile number exception occurred, 
かつや 横浜和田町店 Katsuya YOKOHAMA WADAMACHI,"2 Chome-6-1 Wada, Hodogaya Ward, Yokohama, Kanagawa 240-0065, Japan",mobile number exception occurred, 
ガスト 東神奈川店 Gusto HIGASHI KANAGAWA,"Japan, 〒221-0822 Kanagawa, Yokohama, Kanagawa Ward, Nishikanagawa, 1 Chome−11-5 ＡＲＴＶＩＳＴＡ横浜ビル １Ｆ",mobile number exception occurred, 
バーミヤン みなとみらい店 Bamiyan Minato Mirai,"4 Chome-4-5 Minatomirai, Nishi Ward, Yokohama, Kanagawa 220-0012, Japan",+81 45-227-6252, 
エヌワイシー ニューヤードケータリング NYC~New Yard Catering~,address exception occurred,mobile number exception occurred, 
大阪王将 天王町駅前店 Osaka Ohsho Tenocho Ekimae,"Japan, 〒240-0004 Kanagawa, Yokohama, Hodogaya Ward, Iwamacho, 1 Chome−7-3 川本ハイツ",mobile number exception occurred, 
ピザハット 神奈川新町店 Pizza Hut KANAGAWASHINNMACHI,"Japan, 〒221-0043 Kanagawa, Yokohama, Kanagawa Ward, Shinmachi, 3-4 観音ビル 1階",+81 45-555-0810, 
いきなり！ステーキ 横浜西口店 Ikinari Steak Yokohama Nishiguchi,"Japan, 〒220-0073 Kanagawa, Yokohama, Nishi Ward, Okano, 1 Chome−12−15 ML横浜ビル",mobile number exception occurred, 
マクドナルド 神奈川大学店 McDonald's Kanagawa University,"3 Chome-25-6 Rokukakubashi, Kanagawa Ward, Yokohama, Kanagawa 221-0802, Japan",mobile number exception occurred, 
年間5万枚売れた＃伝説のシカゴピザ。＠横浜ガーデンファーム,address exception occurred,mobile number exception occurred, 
モスバーガー 横浜浅間町店 Mos Burger YOKOHAMA SENGENCHO,"1 Chome-6-14 Sengencho, Nishi Ward, Yokohama, Kanagawa 220-0072, Japan",mobile number exception occurred, 
ローソン 横浜駅東口店 Lawson Yokohama Station Higashiguchi,"2 Chome-7-1 Takashima, Nishi Ward, Yokohama, Kanagawa 220-0011, Japan",mobile number exception occurred, 
松屋 東神奈川店 Matsuya Higashi Kanagawa,"Japan, 〒221-0822 Kanagawa, Yokohama, Kanagawa Ward, Nishikanagawa, 1−20-4 加賀ビル",mobile number exception occurred, 
キッチンオリジン 白楽店 Kitchen Origin Hakuraku,"3 Chome-9 Nishikanagawa, Kanagawa Ward, Yokohama, Kanagawa 221-0822, Japan",mobile number exception occurred, 
ジョナサン 六角橋店 Jonathan's Rokkakubashi,"6 Chome-17-24 Rokukakubashi, Kanagawa Ward, Yokohama, Kanagawa 221-0802, Japan",mobile number exception occurred, 
ファミリーマート 横浜神之木町,"2-44 Kaminokicho, Kanagawa Ward, Yokohama, Kanagawa 221-0015, Japan",mobile number exception occurred, 
大連餃子基地DALIAN 横浜モアーズ店 Dairengyouzakichi Dalian Yokohama MORE'S,"Japan, 〒220-0005 Kanagawa, Yokohama, Nishi Ward, Minamisaiwai, 1 Chome−3−1 横浜モアーズ8階",+81 45-324-6221, 
０秒レモンサワー 仙台ホルモン焼肉酒場 ときわ亭@横浜西口店,address exception occurred,mobile number exception occurred, 
牛角 白楽店 Gyukaku Hakuraku,"2-3 Shirahatacho, Kanagawa Ward, Yokohama, Kanagawa 221-0076, Japan",mobile number exception occurred, 
スープストック トーキョー伊勢丹横浜店 Soup Stock Tokyo Isetan Yokohama,"Japan, 〒220-0005 Kanagawa, Yokohama, Nishi Ward, Minamisaiwai, 1 Chome−5−1 新相鉄ビル（ジョイナス） B1F",mobile number exception occurred, 
ゴーゴーカレー ヨドバシ横浜スタジアム GoGoCurry YODOBASHI YOKOHAMA STADIUM,"Japan, 〒220-0004 Kanagawa, Yokohama, Nishi Ward, Kitasaiwai, 1 Chome−2−7 ヨドバシ横浜 B2",+81 45-320-5550, 
麺場浜虎 横浜店 Menba Hamatora Yokohama,"Japan, 〒221-0835 Kanagawa, Yokohama, Kanagawa Ward, Tsuruyacho, 2 Chome−12-1 シァル鶴屋町第２ビル1Ｆ",mobile number exception occurred, 
ロジック横浜店 LOGIC YOKOHAMA,"2 Chome-2-1 Kitasaiwai, Nishi Ward, Yokohama, Kanagawa 220-0004, Japan",+81 50-3463-8448, 
ラ・パウザ 横浜三栄ビル店 La Pausa Yokohama Sanei Building,"Japan, 〒220-0004 Kanagawa, Yokohama, Nishi Ward, Kitasaiwai, 1 Chome−8−6 三栄ビル 2F 横浜西口",mobile number exception occurred, 
すき家 ｱｸﾛｽﾌﾟﾗｻﾞ東神奈川店 Sukiya Across Plaza Higashi-Kanagawa,"1 Chome-16-15 Nishiterao, Kanagawa Ward, Yokohama, Kanagawa 221-0001, Japan",mobile number exception occurred, 
溶岩焼きビビンパ専門店「ファルファサン」 横浜駅前店 Farfasan Yokohama Station,address exception occurred,mobile number exception occurred, 
松のや ホテルユニゾ横浜駅西店 Matsunoya Hotel Unizo Yokohama Nishi,"2 Chome-17-6 Minamisaiwai, Nishi Ward, Yokohama, Kanagawa 220-0005, Japan",mobile number exception occurred, 
ほっともっと 大口東口店 Hotto Motto Oguchi Higashiguchi,"11-14 Kaminokicho, Kanagawa Ward, Yokohama, Kanagawa 221-0015, Japan",mobile number exception occurred, 
唐揚げ専門店 あげ市 karaagesenmonten ageichi,address exception occurred,mobile number exception occurred, 
鳥良商店 横浜西口南幸店 Toriyoshi Shoten Yokohama Nishiguchi Minamisaiwai,"Japan, 〒220-0005 Kanagawa, Yokohama, Nishi Ward, Minamisaiwai, 2 Chome−14−3 海東ビル B1-1F",mobile number exception occurred, 
"東京からあげ専門店あげたて横浜相鉄口店＠金の蔵 A specialty store from Tokyo, Yokohama Sotetsuguchi store @ Kinnokura",address exception occurred,mobile number exception occurred, 
吉野家 横浜駅西口店 Yoshinoya YOKOHAMA NISHIGUCHI,"Japan, 〒220-0005 Kanagawa, Yokohama, Nishi Ward, Minamisaiwai, 2 Chome−7−15 横川ビル",+81 45-322-3339, 
秘伝焦がしたれ焼肉丼 やきはち 横浜東口,address exception occurred,mobile number exception occurred, 
やきとり家すみれ 横浜鶴屋町,"Japan, 〒221-0835 Kanagawa, Yokohama, Kanagawa Ward, Tsuruyacho, 2 Chome−16-4 エフテムビルNo.1 3F",mobile number exception occurred, 
吾照里 横浜東口ポルタ店 ojoriporta,"Japan, 〒220-0011 Kanagawa, Yokohama, Nishi Ward, Takashima, 2 Chome−16, 地下1階 横浜駅東口 ポルタレストラン街",+81 45-444-0911, 
かまどか 横浜西口店 Kamadoka Yokohama Nishiguchi,"Japan, 〒220-0005 Kanagawa, Yokohama, Nishi Ward, Minamisaiwai, 2 Chome−15−1 横浜ﾃｨﾉﾋﾞﾙ B1F",mobile number exception occurred, 
東京純豆腐 みなとみらい東急スクエア①店 Tokyo Sundubu Minatomirai TOKYU SQUARE,"2-chōme-3 Minatomirai, Nishi Ward, Yokohama, Kanagawa 220-0012, Japan",+81 45-640-1077, 
から好し 東神奈川店 Karayoshi Higashi Kanagawa,address exception occurred,mobile number exception occurred, 
ソバキチ ルミネ横浜店,"Japan, 〒220-0011 Kanagawa, Yokohama, Nishi Ward, Takashima, 2 Chome−16−1 ルミネ横浜 6F",+81 45-440-5600, 
春水堂 横浜ポルタ店 Chunshuitang Yokohama Porta,"Japan, 〒220-0011 Kanagawa, Yokohama, Nishi Ward, Takashima, 2 Chome−16, 横浜駅東口地下街ポルタ B1F",mobile number exception occurred, 
夢庵 横浜片倉町店 Yumean Yokohama Katakuracho,"2 Chome-71-3 Katakura, Kanagawa Ward, Yokohama, Kanagawa 221-0865, Japan",mobile number exception occurred, 
油そば きょう介,address exception occurred,mobile number exception occurred, 
安波,address exception occurred,mobile number exception occurred, 
油そば 一門屋 横浜 Aburasoba Ichimonya Yokohama,address exception occurred,mobile number exception occurred, 
パティスリー カフェ ソラ Patisserie Cafe Sora,"2-17 Shirahatacho, Kanagawa Ward, Yokohama, Kanagawa 221-0076, Japan",mobile number exception occurred, 
大戸屋ごはん処 横浜ビジネスパーク店 Ootoya YOKOHAMABIJINESUPA-KUTENN,"Japan, 〒240-0005 Kanagawa, Yokohama, Hodogaya Ward, Godocho, 134 横浜ビジネスパーク 2F",mobile number exception occurred, 
万豚記ヨドバシ横浜店 wanzhuji yodobashi yokohamatenn,address exception occurred,mobile number exception occurred, 
ダイゴミバーガー DAIGOMI BURGER,"Japan, 〒220-0011 Kanagawa, Yokohama, Nishi Ward, Takashima, 2 Chome−14−9, Asobuild, 1F",+81 45-594-9138, 
シェーキーズ 横浜西口店 Shakey's Yokohama Nishiguchi,"Japan, 〒220-0005 Kanagawa, Yokohama, Nishi Ward, Minamisaiwai, 1 Chome−11−1 丸藤ビル B1F",+81 45-311-4663, 
一条もんこ先生のカレー診療所 横浜みなみ西口院 Dr.Ichijo Monko Curry Clinic Yokohama SouthWest,address exception occurred,mobile number exception occurred, 
焼肉うしごろ 横浜店 USHIGORO Yokohama,"Japan, 〒221-0835 Kanagawa, Yokohama, Kanagawa Ward, Tsuruyacho, 2−15 5F-E ＣＲＡＮＥ ＹＯＫＯＨＡＭＡ ビル",mobile number exception occurred, 
味の牛たん 喜助 横浜ランドマーク店 ajinogyuutann kisuke yokohamarandoma-kutenn,"Japan, 〒220-0012 Kanagawa, Yokohama, Nishi Ward, Minatomirai, 2 Chome−2−番1号 横浜, Landmark Plaza, 1階",mobile number exception occurred, 
ペッパーランチ 桜木町店 Pepper Lunch Sakuragicho,"Japan, 〒231-8008 Kanagawa, Yokohama, Naka Ward, Sakuragicho, １−1 富士ソフト本社ビル1F",mobile number exception occurred, 
チキンズ・タイム 横浜三栄 CHICKEN'S TIME Yokohama Sanei,address exception occurred,mobile number exception occurred, 
バーミヤン 神奈川大口店 Bamiyan Kanagawa Oguchi,"18 Kaminokicho, Kanagawa Ward, Yokohama, Kanagawa 221-0015, Japan",mobile number exception occurred, 
首里 横浜モアーズ店 Shuri,"Japan, 〒220-8533 Kanagawa, Yokohama, Nishi Ward, Minamisaiwai, 1 Chome−3−1 横浜モアーズ 8階",+81 45-324-2538, 
手羽揚げ そらや Tebaage Soraya,address exception occurred,mobile number exception occurred, 
ナチュラルローソン みなとみらい四丁目,"4 Chome-7 Minatomirai, Nishi Ward, Yokohama, Kanagawa 220-0012, Japan",mobile number exception occurred, 
セルフうどん 麦まる 横浜ＹＢＰ店,"Japan, 〒240-0005 Kanagawa, Yokohama, Hodogaya Ward, Godocho, 134 YBPビル",+81 45-331-3661, 
磯丸水産 横浜西口南幸店 Isomaru Suisan Yokohama Nishiguchi Minamisaiwai,"Japan, 〒220-0005 Kanagawa, Yokohama, Nishi Ward, Minamisaiwai, 2 Chome−16−11 二幸ビル B1-1F",+81 45-316-5020, 
ベジトモ VEGETOMO,"Japan, 〒220-0011 Kanagawa, Yokohama, Nishi Ward, Takashima, 2 Chome−19−12 マルイシティ横浜 ２F",mobile number exception occurred, 
かねせい KANESEI,address exception occurred,mobile number exception occurred, 
Italian kitchen VANSAN 横浜 Yokohama,"Japan, 〒221-0835 Kanagawa, Yokohama, Kanagawa Ward, Tsuruyacho, 2 Chome−16-4 エフテムビル No.1",mobile number exception occurred, 
のげとりとん Noge Toriton,"Japan, 〒231-0064 Kanagawa, Yokohama, Naka Ward, Nogecho, 2 Chome−７２",mobile number exception occurred, 
テクスメクス・サブローザ 横浜 TEXMEX SABROSA Yokohama,address exception occurred,mobile number exception occurred, 
クアアイナ横浜ベイクォーター店,"Japan, 〒221-0056 Kanagawa, Yokohama, Kanagawa Ward, Kinkocho, 1-10 横浜ベイクォータ 4Ｆ",mobile number exception occurred, 
TGIフライデーズ MM21クロスゲート TGIFridays MM21 Cross Gate,"Japan, 〒231-0062 Kanagawa, Yokohama, Naka Ward, Sakuragicho, 1 Chome−101-1 クロスゲート ３F",+81 50-2019-7097, 
唐揚げ宅配専門店 赤丸唐揚げ JR横浜西口駅前店　Akamaru Karaage JR Yokohama West Exit,address exception occurred,mobile number exception occurred, 
松屋 横浜南幸店 Matsuya Yokohama Minamisaiwai,"Japan, 〒220-0005 Kanagawa, Yokohama, Nishi Ward, Minamisaiwai, 2 Chome−14−7 1・2F 第6NYビル",mobile number exception occurred, 
すき家 横浜北幸店 Sukiya Yokohama Kitasaiwai,"Japan, 〒220-0004 Kanagawa, Yokohama, Nishi Ward, Kitasaiwai, 2 Chome−10−50 山田ビル 1F",mobile number exception occurred, 
ガスト 横浜平沼店 Gusto Yokohama Hiranuma,"Japan, 〒220-0023 Kanagawa, Yokohama, Nishi Ward, Hiranuma, 1 Chome−2, 甘糟平沼ビル １階",mobile number exception occurred, 
メキシカンバル タコリブレ 横浜駅前店 Mexicanbar Tacolibre,"Japan, 〒220-0005 Kanagawa, Yokohama, Nishi Ward, Minamisaiwai, 1 Chome−10−8 大信商事ビル 1F",+81 45-628-9939, 
北海道産生クリームを使ったこだわりのホワイトカレーやさん。＠横浜ガーデンファーム,address exception occurred,mobile number exception occurred, 
キッチンオリジン 反町店 Kitchen Origin Tanmachi,"2 Chome-13-7 Tanmachi, Kanagawa Ward, Yokohama, Kanagawa 221-0825, Japan",mobile number exception occurred, 
RUSH,address exception occurred,mobile number exception occurred, 
鶏から揚げ研究所 横浜西口店,address exception occurred,mobile number exception occurred, 
カプリチョーザ 横浜みなとみらい店 Capricciosa Yokohama-minatomirai,"Japan, 〒220-0012 Kanagawa, Yokohama, Nishi Ward, Minatomirai, 2 Chome−3−1, Queen's Tower A, 2F",mobile number exception occurred, 
もうやんカレー横浜店 Moyan Curry yokohama,"Japan, 〒220-0011 Kanagawa, Yokohama, Nishi Ward, Takashima, 2 Chome−14−9, Asobuild, １F",+81 45-873-4725, 
鮨・酒・肴 杉玉 横浜西口店 Sugidama YOKOHAMA NISHIGUCHI,"Japan, 〒220-0005 Kanagawa, Yokohama, Nishi Ward, Minamisaiwai, 2−9 ウイング南幸 2F",mobile number exception occurred, 
こだわりのお米で炊く絶品釜飯とおばんざい　壱の釜飯　横浜店,address exception occurred,mobile number exception occurred, 
鬼辛痺まぜそば 鬼炎 横浜 Onikarashibi Kien Yokohama,address exception occurred,mobile number exception occurred, 
バーミヤン 星川駅前店 Bamiyan Hoshikawa Ekimae,"1 Chome-1-2 Hoshikawa, Hodogaya Ward, Yokohama, Kanagawa 240-0006, Japan",+81 45-339-1260, 
大戸屋ごはん処 みなとみらいビジネススクエア店 Ootoya MINATOMIRAI BUSINESS SQUARE,"Japan, 〒220-0012 Kanagawa, Yokohama, Nishi Ward, Minatomirai, 3 Chome−6−4 みなとみらいビジネススクエア 1F",mobile number exception occurred, 
天ぷら酒場 by つか蕎麦 CASUAL TEMPURA ＆ SOBA BAR byTSUKASOBA,address exception occurred,mobile number exception occurred, 
藍屋 横浜戸部店 Aiya Yokohama Tobe,"49 Tobehoncho, Nishi Ward, Yokohama, Kanagawa 220-0041, Japan",mobile number exception occurred, 
サンマルクカフェ 横浜ビブレ店,"2 Chome-15-15番13号 Minamisaiwai, Nishi Ward, Yokohama, Kanagawa 220-0005, Japan",+81 45-415-8108, 
ウルフギャング・パック 横浜ランドマークプラザ店 Wolfgang Puck yokohama landmark plaza,"Japan, 〒220-8101 Kanagawa, Yokohama, Nishi Ward, Minatomirai, 2 Chome−2−1 ランドマークタワ 1階",mobile number exception occurred, 
アイランドヴィンテージコーヒー 横浜ベイクォーター店,"Japan, 〒221-0056 Kanagawa, Yokohama, Kanagawa Ward, Kinkocho, 1−10 横浜ベイクォータ 3F",+81 45-453-1121, 
ザ・肉餃子 四川厨房 横浜西口店 Chinese Dining Shisen-chubo yokohama,"2 Chome-16-8 Minamisaiwai, Nishi Ward, Yokohama, Kanagawa 220-0005, Japan",mobile number exception occurred, 
コメダ珈琲店 横浜西口北幸 Komeda's Coffee Yokohamanishiguchi Kitasaiwai,"2 Chome-9-11 Kitasaiwai, Nishi Ward, Yokohama, Kanagawa 220-0004, Japan",+81 45-321-7737, 
中華料理 龍興楼 Chinese Restaurant RYUKOUROU,"Japan, 〒220-0053 Kanagawa, Yokohama, Nishi Ward, Fujidanacho, 1 Chome−８５−2",mobile number exception occurred, 
ケバブマニア 横浜 KEBAB MANIA Yokohama,address exception occurred,mobile number exception occurred, 
三代目くぼた sanndaimekubota,"1 Chome-10-1 Higashikanagawa, Kanagawa Ward, Yokohama, Kanagawa 221-0044, Japan",+81 45-453-9293, 
マントラ横浜店 mantra yokohama,"Japan, 〒220-0011 Kanagawa, Yokohama, Nishi Ward, Takashima, 2 Chome−19−12 10F",+81 45-441-6099, 
韓兵衛アソビル店 Hanbei Asobiru,"2 Chome-14-9 Takashima, Nishi Ward, Yokohama, Kanagawa 220-0011, Japan",+81 45-594-6854, 
ステーキ＆ハンバーグ マウンテン 大口店 Steak Mountain OGUCHI,address exception occurred,mobile number exception occurred, 
果実園リーベル ランドマーク店 kajitsuen libel landmarkten,address exception occurred,mobile number exception occurred, 
ザ・ダッド・ボッド・バーガー 横浜 The Dad Bod Burger Yokohama,+81 45-290-1717,mobile number exception occurred, 
牛カツ京都勝牛 横浜ポルタ店,"Japan, 〒220-0011 Kanagawa, Yokohama, Nishi Ward, Takashima, 2−16 横浜ポルタ B1F",mobile number exception occurred, 
大阪のグランメゾン　プレスキル佐々木シェフ監修　フレンチ丼専門店 ささきや 大口店,"Japan, 〒541-0042 Osaka, Chuo Ward, Imabashi, 4 Chome−1−1 淀屋橋odona2F",mobile number exception occurred, 
究極のブロッコリーと鶏胸肉 横浜店 The ultimate broccoli & chicken breast Yokohama,address exception occurred,mobile number exception occurred, 
松のや 天王町店 Matsunoya Tenocho,"Japan, 〒240-0003 Kanagawa, Yokohama, Hodogaya Ward, Tennocho, 2−47-6 日振ビル",mobile number exception occurred, 
オービカ モッツァレラバー 横浜店 OBICA MOZZARELLA BAR Yokohama,"Japan, 〒220-0005 Kanagawa, Yokohama, Nishi Ward, Minamisaiwai, 1 Chome−5−1 新相鉄ビル B2",+81 45-412-3733, 
特盛びっくり食堂 大口店 TokumoriBikkuriShokudo OGUCHI,address exception occurred,mobile number exception occurred, 
PIETRO A DAY SOUP SHOP&CAFÉ 横浜ベイクォーター店,"Japan, 〒221-0056 Kanagawa, Yokohama, Kanagawa Ward, Kinkocho, 1-10 横浜ベイクォータ 3階",mobile number exception occurred, 
ぼてぢゅう 横浜ランドマーク店 Botejyu Yokohama Landmark,"2 Chome-2-1 Minatomirai, Nishi Ward, Yokohama, Kanagawa 220-8101, Japan",+81 45-222-5122, 
究極の豚丼 豚まつ 横浜西口店,"Japan, 〒232-0014 Kanagawa, Yokohama, Minami Ward, Yoshinocho, 3 Chome−１６ ２階",mobile number exception occurred, 
マンゴツリーカフェ ルミネ横浜 mango tree cafe yokohama,"Japan, 〒220-0011 Kanagawa, Yokohama, Nishi Ward, Takashima, 2 Chome−16−1 ルミネ横浜 6F",+81 45-342-7873, 
健康中華庵 青蓮 横浜西口店 Seiren YOKOHAMA Nishikuchiten,"Japan, 〒220-0004 Kanagawa, Yokohama, Nishi Ward, Kitasaiwai, 1 Chome−11−15 横浜STビル B1階",mobile number exception occurred, 
フレッシュネスバーガー マークイズみなとみらい店 Freshness Burger MARK IS Minato Mirai,"Japan, 〒220-0012 Kanagawa, Yokohama, Nishi Ward, Minatomirai, 3 Chome−5−1 区画 ﾏｰｸｲｽﾞみなとみらい4 階401-B",mobile number exception occurred, 
バビーズ ランドマークプラザ Bubby's Landmark Plaza,"Japan, 〒220-8190 Kanagawa, Yokohama, Nishi Ward, Minatomirai, 2 Chome−2−1, Landmark Plaza, １F",mobile number exception occurred, 
丼ぶりとうどんの江戸屋 大口店 Edoya OGUCHI,address exception occurred,mobile number exception occurred, 
スープストック トーキョー横浜ランドマークプラザ店 Soup Stock Tokyo Yokohama Landmark,"Japan, 〒220-8101 Kanagawa, Yokohama, Nishi Ward, Minatomirai, 2 Chome−2−1 ランドマークプラザ1F",+81 45-224-6855, 
ふわとろオムライス専門店 エッグキッチン 大口店 Eggs Kitchen Egg Kitchen OGUCHI,address exception occurred,mobile number exception occurred, 
横濱一品香 保土ヶ谷店 yokohama ippinko hodogaya,address exception occurred,mobile number exception occurred, 
東京餃子軒 横浜西口店 tokyugyouzagen yokohama,"Japan, 〒220-0005 Kanagawa, Yokohama, Nishi Ward, Minamisaiwai, 2 Chome−17−18 翠雲堂横浜ビル",mobile number exception occurred, 
中国名菜 陳麻婆豆腐 みなとみらい店,"Japan, 〒220-0012 Kanagawa, Yokohama, Nishi Ward, Minatomirai, 2 Chome−3−4, Station Core, B1 東急スクエア",+81 50-3468-9689, 
横浜五番街 いち五郎 Yokohama-5bangaiIchigoro Yokohama-5bangai Ichigoro,"Japan, 〒220-0005 Kanagawa, Yokohama, Nishi Ward, Minamisaiwai, 1 Chome−5−30 野毛山倶楽部 1-2F",mobile number exception occurred, 
大分中津 からあげ大臣 大口店 KaraageDaijin OGUCHI,address exception occurred,mobile number exception occurred, 
台湾小皿料理 阿里城 TAIWANKOSARARYOURI ARIJOU,address exception occurred,mobile number exception occurred, 
ジョナサン 新子安店 Jonathan's Shin Koyasu,"1 Chome-2-5 Shinkoyasu, Kanagawa Ward, Yokohama, Kanagawa 221-0013, Japan",mobile number exception occurred, 
焼きそば 神戸軒 大口店 Kobe-Ken OGUCHI,address exception occurred,mobile number exception occurred, 
串かつでんがな 横浜西口店,"1 Chome-14-8 Minamisaiwai, Nishi Ward, Yokohama, Kanagawa 220-0005, Japan",mobile number exception occurred, 
串カツ田中 横浜西口店 Kushikatsu Tanaka Yokohama Nishiguchi,"2 Chome-5-5 Minamisaiwai, Nishi Ward, Yokohama, Kanagawa 220-0005, Japan",mobile number exception occurred, 
博多鉄板焼肉 旨辛亭 大口店 UmakaraTei OGUCHI,"56-11 Oguchidori, Kanagawa Ward, Yokohama, Kanagawa 221-0002, Japan",mobile number exception occurred, 
キッチンオリジン 大口店 Kitchen Origin Oguchi,address exception occurred,mobile number exception occurred, 
磯丸水産 横浜五番街店 Isomaru Suisan Yokohama Gobangai,"Japan, 〒220-0005 Kanagawa, Yokohama, Nishi Ward, Minamisaiwai, 1 Chome−5−29 西口1F チェガーズビル",mobile number exception occurred, 
ガスト 保土ケ谷常盤台店 Gusto Hodogaya Tokiwadai,"21-２１番２８号 Tokiwadai, Hodogaya Ward, Yokohama, Kanagawa 240-0067, Japan",mobile number exception occurred, 
松屋 横浜店 Matsuya Yokohama,address exception occurred,mobile number exception occurred, 
横浜家系ラーメン 極味家 天王町店 Yokohama Family Ramen KIWAMIYA Tennocho,"2 Chome-46-1 Tennocho, Hodogaya Ward, Yokohama, Kanagawa 240-0003, Japan",mobile number exception occurred, 
グラニースミス 横浜店 GRANNY SMITH APPLE PIE & COFFEE YOKOHAMA,"Japan, 〒231-0001 Kanagawa, Yokohama, Naka Ward, Shinko, 1 Chome−1, 横浜赤レンガ倉庫2号館 １Ｆ",+81 45-264-9981, 
つけ麺 総本山 吉宗 大口店 Yoshimune OGUCHI,address exception occurred,mobile number exception occurred, 
海鮮丼 とと家 kaisendon-totoya,"1 Chome-33-1 Tennocho, Hodogaya Ward, Yokohama, Kanagawa 240-0003, Japan",mobile number exception occurred, 
ラ カーサ ディ ノンノ La casa di nonno,"Japan, 〒231-0012 Kanagawa, Yokohama, Naka Ward, Aioicho, 4 Chome−69−4 関内大通りビル 1F",mobile number exception occurred, 
うなぎの岡島 横浜鶴屋町店,address exception occurred,mobile number exception occurred, 
秘伝焦がしたれ焼肉丼 やきはち 横浜 Yakinikudon Yakihachi Yokohama,address exception occurred,mobile number exception occurred, 
チキンズ・タイム 横浜 CHICKEN'S TIME Yokohama,address exception occurred,mobile number exception occurred, 
元祖メガ丼！デカ盛り屋 大口店 Dekamoriya OGUCHI,"56-11 Oguchidori, Kanagawa Ward, Yokohama, Kanagawa 221-0002, Japan",mobile number exception occurred, 
唐揚げ宅配専門店 赤丸唐揚げ 横浜東口店 Yokohama Higashiguchi,address exception occurred,mobile number exception occurred, 
LE SALON DE NINA'S クイーンズスクエア横浜 LE SALON DE NINA'S Queen’Square Yokohama,"2 Chome-3-9 Minatomirai, Nishi Ward, Yokohama, Kanagawa 220-0012, Japan",+81 45-682-2740, 
土間土間 横浜駅前店 Domadoma Yokohama Ekimae,"Japan, 〒220-0004 Kanagawa, Yokohama, Nishi Ward, Kitasaiwai, 1 Chome−1−8, Equinia Yokohama, 2F",+81 45-412-0177, 
すしざんまい 横浜西口店,"Japan, 〒220-0005 Kanagawa, Yokohama, Nishi Ward, Minamisaiwai, 2 Chome−15−4 恩田ビル 1F",mobile number exception occurred, 
純珍閣 Junchinkaku,address exception occurred,mobile number exception occurred, 
肉が旨いカフェ NICK STOCK 横浜ポルタ店,"Japan, 〒220-0011 Kanagawa, Yokohama, Nishi Ward, Takashima, 2−16 横浜ポルタ B1F",+81 45-534-3735, 
ローストビーフ専門 Beef Mountain 大口店,address exception occurred,mobile number exception occurred, 
ポートオブコール横浜 PORT OF CALL YOKOHAMA,"Japan, 〒220-8577 Kanagawa, Yokohama, Nishi Ward, Minamisaiwai, 2 Chome−15−13 ビブレ横浜 1F",mobile number exception occurred, 
みなとみらいde焼肉DOURAKU YAKINIKU DOURAKU,"Japan, 〒220-0012 Kanagawa, Yokohama, Nishi Ward, Minatomirai, 4 Chome−6−2 グランド セントラル テラス 2F",+81 45-232-4129, 
とと和くら ヨドバシ横浜店 TotoWakura Yodobashi Yokohama,"1 Chome-2-7 Kitasaiwai, Nishi Ward, Yokohama, Kanagawa 220-0004, Japan",mobile number exception occurred, 
瑪蜜黛 x デリズ 大口店 Momitoy × Delis OGUCHI,address exception occurred,mobile number exception occurred, 
からあげ専門店 巨匠の食卓 横浜鶴屋町店,address exception occurred,mobile number exception occurred, 
プルメリアカフェ,"Japan, 〒220-0004 Kanagawa, Yokohama, Nishi Ward, Kitasaiwai, 2 Chome−2−1 ハマボールイアス 7F",+81 120-866-458, 
ロイヤルホスト 横浜駅前店,"2-13-7 Tsuruyacho, Kanagawa Ward, Yokohama, Kanagawa 221-0835, Japan",mobile number exception occurred, 
上島珈琲店 横浜北幸店 Ueshima Coffee House YOKOHAMA KITASAIWAI,"Japan, 〒220-0004 Kanagawa, Yokohama, Nishi Ward, Kitasaiwai, 1 Chome−9−2 横浜西ビル 1F NTTコミュニケーションズ",mobile number exception occurred, 
うどん宮武 横浜ランドマーク店,"Japan, 〒220-8190 Kanagawa, Yokohama, Nishi Ward, Minatomirai, 2 Chome−2−1 横浜ランドマークタワ B2F SB202区画",+81 45-227-6200, 
熟成和牛ステーキグリルド エイジング・ビーフ 横浜店,"Japan, 〒221-0835 Kanagawa, Yokohama, Kanagawa Ward, Tsuruyacho, 2 Chome−１５ CRANEYOKOHAMA６階",+81 45-548-6510, 
大戸屋ごはん処 横浜馬車道店 Ootoya YOKOHAMA BASHAMICHI,"Japan, 〒231-0007 Kanagawa, Yokohama, Naka Ward, Bentendori, 4 Chome−53−1 ホテルルートイン横浜馬車道2F",mobile number exception occurred, 
バーミヤン 新子安店 Bamiyan Shin Koyasu,"1 Chome-2-5 Shinkoyasu, Kanagawa Ward, Yokohama, Kanagawa 221-0013, Japan",mobile number exception occurred, 
パセラリゾーツ　横浜ハマボールイアス店,"Japan, 〒220-0004 Kanagawa, Yokohama, Nishi Ward, Kitasaiwai, 2 Chome−2−1 ハマボールイアス 4F",+81 120-184-458, 
福一うどん製作所 大口店 Fukuichi Udon OGUCHI,address exception occurred,mobile number exception occurred, 
テクスメクス・サブローザ 横浜北幸 TEXMEX SABROSA Yokohama Kitasaiwai,address exception occurred,mobile number exception occurred, 
京都勝牛 ヨドバシ横浜店 KYOTO KATSUGYU Yodobashi Yokohama,"Japan, 〒220-0004 Kanagawa, Yokohama, Nishi Ward, Kitasaiwai, 1 Chome−2−7 ヨドバシYokohamaB2F",mobile number exception occurred, 
うどん 杵屋 横浜ポルタ店,"Japan, 〒220-0011 Kanagawa, Yokohama, Nishi Ward, Takashima, 2 Chome−16, 横浜駅東口ポルタB1F",+81 45-453-6330, 
NiGiRO 東急横浜店セントラルキッチン,"Japan, 〒220-0005 Kanagawa, Yokohama, Nishi Ward, Minamisaiwai, 1 Chome−1−1, Tokyu Yokohama Station, B2F",+81 45-595-9030, 
コメダ珈琲店 松原商店街店 Komeda's Coffee Matsubara Shopping Street,address exception occurred,mobile number exception occurred, 
秘伝焦がしたれ焼肉丼 やきはち 横浜三栄 Yakinikudon Yakihachi Yokohama Sanei,address exception occurred,mobile number exception occurred, 
鉄板ステーキ・お好み焼き 横濱こてがえし,"Japan, 〒220-0012 Kanagawa, Yokohama, Nishi Ward, Minatomirai, 3 Chome−5−1 マークイズみなとみらい",+81 45-680-1180, 
ザ・ダッド・ボッド・バーガー 横浜東口 The Dad Bod Burger Yokohama Higashiguchi,address exception occurred,mobile number exception occurred, 
食べログ3.5以上の香港雲吞専門店 賢記 KEN KI WAN TON SPECIALTY STORE,address exception occurred,mobile number exception occurred, 
"MAXCAFE 横浜駅西口店 MAXCAFE Yokohama St,West-Side",address exception occurred,mobile number exception occurred, 
水炊き専門店 さかえや 横浜みなとみらい本店 Sakaeya Yokohama Minatomirai,"Japan, 〒220-0012 Kanagawa, Yokohama, Nishi Ward, Minatomirai, 2 Chome−3−8 東急スクエア ③ 3階",+81 3-6848-0270, 
松乃家 野毛店 Matsunoya Noge,"Japan, 〒231-0064 Kanagawa, Yokohama, Naka Ward, Nogecho, 3−160-4 ちぇるる野毛ショッピングセンタ",+81 45-260-5531, 
バベルベイサイドキッチン Babel bayside kitchen,"Japan, 〒221-0056 Kanagawa, Yokohama, Kanagawa Ward, Kinkocho, 1-10 横浜ベイクォーター2F",+81 45-440-1155, 
吉野家 イセザキモール店 Yoshinoya ISEZAKI MALL,"1 Chome-2-5 Isezakichō, Naka Ward, Yokohama, Kanagawa 231-0045, Japan",mobile number exception occurred, 
から好し 横浜平沼店 Karayoshi Yokohama Hiranuma,address exception occurred,mobile number exception occurred, 
3年連続ミシュランビブグルマン 茶酔楼 時ノ葉 監修 坦々つけ麺 大口店 Chasuiro Tokinoha OGUCHI,address exception occurred,mobile number exception occurred, 
ジャジャスパ 横浜 Jaja Spa Yokoyama,address exception occurred,mobile number exception occurred, 
Hawaiian Café&Restaurant Merengue みなとみらい店,"Japan, 〒220-0012 Kanagawa, Yokohama, Nishi Ward, Minatomirai, 4 Chome−4−1 横浜野村ビル 1F",+81 45-227-2171, 
陳麻家監修　桃花飯店　大口店,address exception occurred,mobile number exception occurred, 
ホテル横浜キャメロットジャパン 中国料理 桃花苑 HOTEL YOKOHAMA CAMELOT JAPAN Chinese Restaurant TOUKAEN,"Japan, 〒220-0004 Kanagawa, Yokohama, Nishi Ward, Kitasaiwai, 1 Chome−11−３ ホテル横浜キャメロットジャパン2F",+81 50-3462-2805, 
銀座ライオン 横浜スカイビル店 Ginza Lion Yokohama sky building,"Japan, 〒220-0011 Kanagawa, Yokohama, Nishi Ward, Takashima, 2 Chome−19−12 スカイビル 11F",+81 45-442-0636, 
ナポリの窯 横浜福富町店 Naporinokama Yokohama Fukutomicho,"Nakadori-41番地 Fukutomicho, Naka Ward, Yokohama, Kanagawa 231-0043, Japan",mobile number exception occurred, 
活魚回転寿司 網元伊豆 Katsugyo kaitenzushi Amimotoizu,address exception occurred,mobile number exception occurred, 
椿屋カフェ みなとみらいグランモール店 Tsubakiya Cafe Minatomirai Grand Mall,"Japan, 〒220-0012 Kanagawa, Yokohama, Nishi Ward, Minatomirai, 2 Chome−1−1 MM21グランモール公園1F",+81 45-264-8676, 
&RRainbow JOINUS,"Japan, 〒220-0005 Kanagawa, Yokohama, 西区西区Minamisaiwai, 1 Chome−5−1 相鉄ジョイナス B1F",+81 45-548-4173, 
うなぎ専門 やよい 大口店,address exception occurred,mobile number exception occurred, 
ガスト 横浜西口店 Gusto YOKOHAMA NISHIGUCHI,"2 Chome-16-8 Minamisaiwai, Nishi Ward, Yokohama, Kanagawa 220-0005, Japan",+81 45-326-3026, 
ジョナサン 上星川店 Jonathan's Kamihoshikawa,"1-1 Kamadaicho, Hodogaya Ward, Yokohama, Kanagawa 240-0066, Japan",mobile number exception occurred, 
チキンズ・タイム 横浜東口 CHICKEN'S TIME Yokohama Nishiguchi,address exception occurred,mobile number exception occurred, 
ミシュラン1つ星シェフ 日本料理 寺田 監修 餡掛けうどん・丼 茉莉庵 大口店,address exception occurred,mobile number exception occurred, 
からあげ専門店 巨匠の食卓 横浜西口南幸店,address exception occurred,mobile number exception occurred, 
2年連続ミシュラン一つ星掲載店 リストランテキメラ監修 白黒カレー ツツイ亭 大口店,"121 Oguchinakamachi, Kanagawa Ward, Yokohama, Kanagawa 221-0003, Japan",mobile number exception occurred, 
パック.バブルズ.ドリンク 横浜,address exception occurred,mobile number exception occurred, 
宣喜茶 Senkicha,address exception occurred,mobile number exception occurred, 
PEARL LADY CHA BAR 横浜マルイ店,"Japan, 〒210-0024 Kanagawa, Kawasaki, Kawasaki Ward, Nisshincho, 1−11 川崎ルフロン 2F",+81 44-223-7786, 
本格焼肉カンゲン kangen,"Japan, 〒220-0012 Kanagawa, Yokohama, Nishi Ward, Minatomirai, 2 Chome−3−4, Station Core, B1F 東急スクエア",+81 45-225-8029, 
萬興楼 Mankourou,address exception occurred,mobile number exception occurred, 
ロイヤルホスト 洪福寺店,"1-12-8 Tennocho, Hodogaya Ward, Yokohama, Kanagawa 240-0003, Japan",mobile number exception occurred, 
ステーキ＆熟成肉バル BOTTI 横浜西口 Steak&Aging Beef Bar BOTTI Yokohama Nishiguchi,"Japan, 〒220-0005 Kanagawa, Yokohama, Nishi Ward, Minamisaiwai, 2 Chome−5−4 4F",+81 50-3373-2206, 
キッチンオリジン 藤棚 Kitchen Origin Fujidanacho,"2 Chome-6-5 Central, Nishi Ward, Yokohama, Kanagawa 220-0051, Japan",mobile number exception occurred, 
キッチンスパチュラ KITCHEN SPATULA,"Japan, 〒220-0005 Kanagawa, Yokohama, Nishi Ward, Minamisaiwai, 2 Chome−12−10 ITOビル 3F",mobile number exception occurred, 
カレーのBOND 大口店 Curry BOND OGUCHI,"56-7 Oguchidori, Kanagawa Ward, Yokohama, Kanagawa 221-0002, Japan",mobile number exception occurred, 
とんかつ馬車道さくら 本店 Tonkatsu Bashamichi Sakura,"Japan, 〒231-0012 Kanagawa, Yokohama, Naka Ward, Aioicho, 4 Chome−６７",mobile number exception occurred, 
インドカレー＆ナン ムンバイみなとみらい Indian Restaurant Mumbai Minatomirai,"Japan, 〒220-0012 Kanagawa, Yokohama, Nishi Ward, Minatomirai, 3 Chome−5−1 マークイズみなとみらい B1F",+81 45-650-8011, 
ゴーゴーカレー監修 ゴリラカレー 大口店,address exception occurred,mobile number exception occurred, 
ケバブマニア 横浜北幸 KEBAB MANIA Yokohama Kitasaiwai,address exception occurred,mobile number exception occurred, 
松屋 桜木町店 Matsuya Sakuragicho,"Japan, 〒231-0063 Kanagawa, Yokohama, Naka Ward, Hanasakicho, 2−59 白鳥ビル 1F",mobile number exception occurred, 
ハードロックカフェ 横浜店 Hard Rock Cafe Yokohama,"Queen's Tower A, 1階, 2 Chome-3-1 Minatomirai, Nishi Ward, Yokohama, Kanagawa 220-0012, Japan",mobile number exception occurred, 
横浜たにや yokohama marine factory 松原商店街 Yokohama Taniya Yokohama Marine Factory Matsubarasyoutengai,address exception occurred,mobile number exception occurred, 
シズラーランドマークプラザ店,"Japan, 〒220-0012 Kanagawa, Yokohama, Nishi Ward, Minatomirai, 2 Chome−2−1-2, Landmark Plaza, 1F",+81 45-222-5316, 
タピオカ専門店 MAXCAFE 横浜駅西口店 Tapioca Shop MAXCAFE Yokohama St.West-Side,address exception occurred,mobile number exception occurred, 
本格石窯ピッツァ ポルティコ PORTICO,address exception occurred,mobile number exception occurred, 
とんかつ 日南牧場 大口店 NichinanBokujou OGUCHI,"56-11 Oguchidori, Kanagawa Ward, Yokohama, Kanagawa 221-0002, Japan",mobile number exception occurred, 
居酒屋がんばっぺし 横浜本店 Izakaya Ganpappeshi Yokohamahonten,"Japan, 〒220-0023 Kanagawa, Yokohama, Nishi Ward, Hiranuma, 1 Chome−33−19 モンテベルデ第３横浜1Ｆ",mobile number exception occurred, 
梅の花 横浜スカイビル店,"Japan, 〒220-0011 Kanagawa, Yokohama, Nishi Ward, Takashima, 2 Chome−19−12, Sky Building, 29F",+81 45-450-1010, 
アジアンビストロ横浜バリバール Asian Bistro Yokohama Balibar,"Japan, 〒220-0005 Kanagawa, Yokohama, Nishi Ward, Minamisaiwai, 1 Chome−10−8 大信ビル 1F-B",mobile number exception occurred, 
サンマルクカフェ みなとみらいグランドセントラルタワー Saintmarccafe Minatomirai Grand Central Tower,"グランドセントラルタワ, 4 Chome-6-2 Minatomirai, Nishi Ward, Yokohama, Kanagawa 220-0012, Japan",+81 45-680-0306, 
丼専門店 いちばん DonburiSenmonten Ichiban,address exception occurred,mobile number exception occurred, 
香家 hong kong dining　みなとみらい,"2 Chome-3-2 Minatomirai, Nishi Ward, Yokohama, Kanagawa 220-0012, Japan",+81 45-228-7358, 
UNI COFFEE ROASTERY,"Japan, 〒220-0073 Kanagawa, Yokohama, Nishi Ward, Okano, 1 Chome−12−11 SIビル",mobile number exception occurred, 
ラ・ベットラ・ダ・オチアイ監修 デリバリー まかない亭 大口店,address exception occurred,mobile number exception occurred, 
13年連続ミシュラン 一つ星掲載店 ピアットスズキ監修 まかない屋 大口店,address exception occurred,mobile number exception occurred, 
至高のガパオ！横浜西口店,address exception occurred,mobile number exception occurred, 
上島珈琲店 カトレヤプラザ伊勢佐木店 Ueshima Coffee House CATTLEYA PLAZA ISEZAKI,"Japan, 〒231-0045 Kanagawa, Yokohama, Naka Ward, Isezakichō, 1 Chome−5-4 カトレヤプラザ伊勢佐木 1F",+81 45-250-5751, 
油そば専門店 醍醐 Abura soba Daigo,address exception occurred,mobile number exception occurred, 
インド料理&バー カザーナ Indian restaurant & bar khazana,address exception occurred,mobile number exception occurred, 
【「うまい！」大集合】 大口店 Umaidaishuugou OGUCHI,address exception occurred,mobile number exception occurred, 
FIFTY みなとみらい店 FIFTY Minatomirai,address exception occurred,mobile number exception occurred, 
J.S. CURRY みなとみらい東急スクエア店J.S Curry Minatomirai Tokyu Square,"2 Chome-3-2 Minatomirai, Nishi Ward, Yokohama, Kanagawa 220-0012, Japan",+81 45-682-2100, 
中区カレー ハーバルスパイスキッチン Herbal Spice Kitchen,"3 Chome-24-1 Honcho, Naka Ward, Yokohama, Kanagawa 231-0005, Japan",mobile number exception occurred, 
魚処はなたれ 横浜ランドマークタワー店 Sakanadokoro hanatare Yokohama landmarktower,"Japan, 〒220-0012 Kanagawa, Yokohama, Nishi Ward, ２2, みなとみらい２ 丁目 ２−１ 横浜ランドマークプラザ 1F",+81 45-306-5367, 
ケンタッキーフライドチキン 岸谷店 Kentucky Fried Chicken KISHIDANI,"2 Chome-20-3 Kishiya, Tsurumi Ward, Yokohama, Kanagawa 230-0078, Japan",mobile number exception occurred, 
ほっともっと 岸根公園駅前,"1121-42 Shinoharacho, Kohoku Ward, Yokohama, Kanagawa 222-0026, Japan",mobile number exception occurred, 
すき家 大倉山駅前店 Sukiya Okurayama Ekimae,"1 Chome-17-4 Okurayama, Kohoku Ward, Yokohama, Kanagawa 222-0037, Japan",mobile number exception occurred, 
大戸屋ごはん処 新横浜駅前店 Ootoya SHINYOKOHAMA EKIMAE,"Japan, 〒222-0033 Kanagawa, Yokohama, Kohoku Ward, Shinyokohama, 3 Chome−６−7 新横水信ビル2F",mobile number exception occurred, 
スシロー 新横浜店 Sushiro SHINYOKOHAMA,"1289-1 Toriyamacho, Kohoku Ward, Yokohama, Kanagawa 222-0035, Japan",mobile number exception occurred, 
ウェンディーズ・ファーストキッチン 新横浜店 Wendy's First Kitchen SHINYOKOHAMA,"Japan, 〒222-0033 Kanagawa, Yokohama, Kohoku Ward, Shinyokohama, 3 Chome−6-2 西武ビル 1F",mobile number exception occurred, 
すき家 横浜ｱﾘｰﾅ前店 Sukiya Yokohama Arena-Mae,"3 Chome-17-20 Shinyokohama, Kohoku Ward, Yokohama, Kanagawa 222-0033, Japan",mobile number exception occurred, 
カレーハウス CoCo壱番屋 新横浜駅 Curry House CoCo Ichibanya Shinyokohama Station,"Japan, 〒222-0026 Kanagawa, Yokohama, Kohoku Ward, Shinoharacho, 2937 キュービックプラザ別館 １F",+81 45-470-3737, 
クリスピーチキンアンドトマト 新横浜店 CRISPY CHICKEN n' TOMATO Shin-yokohama,address exception occurred,mobile number exception occurred, 
【カレー専門店】けんちゃんカレー新横浜店@しろくまストア,"Japan, 〒222-0033 Kanagawa, Yokohama, Kohoku Ward, Shinyokohama, 2 Chome−６−17 アポロ新横浜ビル ２F",mobile number exception occurred, 
サブウェイ新横浜店 Subway Shinyokohama,"Japan, 〒222-0033 Kanagawa, Yokohama, Kohoku Ward, Shinyokohama, 2 Chome−５−2 新横浜ＵＵビル 1F",mobile number exception occurred, 
肉の王様 king of meat,address exception occurred,mobile number exception occurred, 
デニーズ 妙蓮寺店 Denny's MYOURENNJI,"2 Chome-16-12 Kikuna, Kohoku Ward, Yokohama, Kanagawa 222-0011, Japan",mobile number exception occurred, 
バーミヤン 新横浜店 Bamiyan Shin Yokohama,"466-1 Mamedocho, Kohoku Ward, Yokohama, Kanagawa 222-0032, Japan",mobile number exception occurred, 
かつや キュービックプラザ新横浜店 Katsuya Cubic Plaza Shin Yokohama,"Japan, 〒222-0026 Kanagawa, Yokohama, Kohoku Ward, Shinoharacho, 2937 キュービックプラザ新横浜 1F",+81 45-473-3935, 
天丼てんや 新横浜 Tendon tenya Shinyokohama,"Japan, 〒222-0026 Kanagawa, Yokohama, Kohoku Ward, Shinoharacho, 2937 キュービックプラザ新横浜 1階",+81 45-470-5415, 
ローソン 新横浜三丁目,"Japan, 〒222-0033 Kanagawa, Yokohama, Kohoku Ward, Shinyokohama, 3 Chome−１８−14",mobile number exception occurred, 
フレッシュネスバーガー 新横浜店 Freshness Burger SHINYOKOHAMA,"Japan, 〒222-0033 Kanagawa, Yokohama, Kohoku Ward, Shinyokohama, 2 Chome−１４−25 アポロ新横浜第２ビル 1階",mobile number exception occurred, 
吉野家 新横浜駅北口店 Yoshinoya SHIN-YOKOHAMA KITAGUCHI,"2937 Shinoharacho, Kohoku Ward, Yokohama, Kanagawa 222-0026, Japan",mobile number exception occurred, 
松屋 横浜アリーナ前店 Matsuya Yokohama Arena Mae,address exception occurred,mobile number exception occurred, 
ローソン 横浜片倉四丁目,"4 Chome-5-23 Katakura, Kanagawa Ward, Yokohama, Kanagawa 221-0865, Japan",mobile number exception occurred, 
松屋 大倉山店 Matsuya Okurayama,"3 Chome-1-28 Okurayama, Kohoku Ward, Yokohama, Kanagawa 222-0037, Japan",mobile number exception occurred, 
クリスピー・クリーム・ドーナツ キュービックプラザ新横浜店 Krispy Kreme Doughnuts Cubic Plaza Shin-Yokohama,"Japan, 〒222-0033 Kanagawa, Yokohama, Kohoku Ward, Shinyokohama, 2 Chome−100-45 キュービックプラザ新横浜 3F",+81 45-476-2331, 
ローソン 新横浜スタジアム通,"Japan, 〒222-0033 Kanagawa, Yokohama, Kohoku Ward, Shinyokohama, 2 Chome−２−13",mobile number exception occurred, 
こたに究極の塩だしかすうどん 新横浜店 kotani udon shinyokohama,address exception occurred,mobile number exception occurred, 
韓豚屋 新横浜店 Hantejiya Shin Yokohama,"Japan, 〒222-0033 Kanagawa, Yokohama, Kohoku Ward, Shinyokohama, 2 Chome−100-45 キュービックプラザ新横浜「ぐるめストリート」",mobile number exception occurred, 
牛たん とろろ 麦めし ねぎし 新横浜駅店 Negishi Shin Yokohama Station,"Japan, 〒222-0026 Kanagawa, Yokohama, Kohoku Ward, Shinoharacho, 2937番地 新横浜中央ビル CUBICPLAZA 新横浜 1F ぐるめストリート",+81 45-628-9072, 
テクスメクス・サブローザ 新横浜 TEXMEX SABROSA Shinyokohama,address exception occurred,mobile number exception occurred, 
新横浜☆純豆腐（スンドゥブ） shinyokohama sundubu,address exception occurred,mobile number exception occurred, 
すき家 小机駅前店 Sukiya Kodukue-Ekimae,"2541 Kozukuecho, Kohoku Ward, Yokohama, Kanagawa 222-0036, Japan",mobile number exception occurred, 
焼き鳥1本180円！唐揚げ弁当700円！鶏専門店 新横浜店,address exception occurred,mobile number exception occurred, 
ピザハット 岸根店 Pizza Hut Negishi,"Japan, 〒222-0034 Kanagawa, Yokohama, Kohoku Ward, Kishinecho, 438 昭和シェルセルフ岸根SS内",mobile number exception occurred, 
ガスト 大倉山駅前店 Gusto Okurayama Ekimae,"Japan, 〒222-0037 Kanagawa, Yokohama, Kohoku Ward, Okurayama, 3 Chome−5−5 大倉山飯田ビル １Ｆ",mobile number exception occurred, 
串カツ田中 キュービックプラザ新横浜店 Kushikatsu Tanaka Cubic Plaza Shinyokohama,"Japan, 〒220-0026 Kanagawa, Yokohama, Kohoku Ward, Shinoharacho, 2937 キュービックプラザ新横浜 1F ぐるめストリート内",mobile number exception occurred, 
ザ・ダッド・ボッド・バーガー 新横浜 The Dad Bod Burger Shin Yokohama,address exception occurred,mobile number exception occurred, 
モリバコーヒー 新横浜アリーナ通り店 Moriva Coffee Shin Yokohama Arena Dori,"Japan, 〒222-0033 Kanagawa, Yokohama, Kohoku Ward, Shinyokohama, 3 Chome−１７−1",mobile number exception occurred, 
秘伝焦がしたれ焼肉丼 やきはち 新横浜 Yakinikudon Yakihachi Shinyokohama,address exception occurred,mobile number exception occurred, 
ジョナサン 菊名駅前店 Jonathan's Kikuna Station,address exception occurred,mobile number exception occurred, 
餃子とから揚げ専門店　どんどどどん　新横浜店,address exception occurred,mobile number exception occurred, 
焼肉しょうちゃん 新横浜店 Yakiniku Shouchan Shin Yokohama,"Japan, 〒222-0033 Kanagawa, Yokohama, Kohoku Ward, Shinyokohama, 2 Chome−１−20 9F",mobile number exception occurred, 
ジョナサン 東寺尾店 Jonathan's Higashi Terao,"1 Chome-4-8 Higashiterao, Tsurumi Ward, Yokohama, Kanagawa 230-0077, Japan",mobile number exception occurred, 
鬼辛痺まぜそば 鬼炎 新横浜 Onikarashibi Kien Shinyokohama,address exception occurred,mobile number exception occurred, 
ジョナサン 新横浜駅前店 Jonathan's Shin Yokohama,"665-1 Mamedocho, Kohoku Ward, Yokohama, Kanagawa 222-0032, Japan",mobile number exception occurred, 
創作肉料理 左衛門 新横浜店 SAEMON shin-yokohama,"Japan, 〒222-0033 Kanagawa, Yokohama, Kohoku Ward, Shinyokohama, 2 Chome−５−13 プランドール新横浜 5F",mobile number exception occurred, 
カリカリ唐揚げ専門店 カリチキ 新横浜店,address exception occurred,mobile number exception occurred, 
酒の友新横浜 sake no tomo shinyokohama,address exception occurred,mobile number exception occurred, 
博多 とりめん 新横浜店,address exception occurred,mobile number exception occurred, 
オリエンタル・テーブル ORIENTAL TABLE,"Japan, 〒222-0033 Kanagawa, Yokohama, Kohoku Ward, Shinyokohama, 2 Chome−6−15 新横浜ビネスビル 1F",mobile number exception occurred, 
魚鮮水産 新横浜店 Uosen Suisan Shin-Yokohama,"Japan, 〒222-0033 Kanagawa, Yokohama, Kohoku Ward, Shinyokohama, 3 Chome−6-2 新横浜西武ビル B1F",mobile number exception occurred, 
藍屋 新横浜店 Aiya Shin Yokohama,"岸根町５８６−１, 港北区, Kohoku Ward, Yokohama, Kanagawa 222-0034, Japan",mobile number exception occurred, 
トラットリア　レガーロ　trattoria regalo,"Japan, 〒222-0033 Kanagawa, Yokohama, Kohoku Ward, Shinyokohama, 3 Chome−１７−15 リバティー新横浜ビル 1F",mobile number exception occurred, 
チキンズ・タイム 新横浜 CHICKEN'S TIME Shinyokohama,address exception occurred,mobile number exception occurred, 
そば亭 ゆでや 三枚町店 Soba-Tei Yudeya,"Japan, 〒221-0862 Kanagawa, Yokohama, Kanagawa Ward, 三枚町5−1",mobile number exception occurred, 
鼎's by JIN DIN ROU キュービックプラザ新横浜店,"Japan, 〒222-0026 Kanagawa, Yokohama, Kohoku Ward, Shinoharacho, 2937 新横浜 ぐるめストリート内 キュービックプラザ",+81 45-548-4866, 
アスリート麻婆豆腐 マー☆ラー☆チャン MA-RA-CHANG MA-RA-CHANG,address exception occurred,mobile number exception occurred, 
牛タン小原 新横浜店 Gyutan Ohara Shinyokohama,address exception occurred,mobile number exception occurred, 
ＢＡＲＢＡ,address exception occurred,mobile number exception occurred, 
とんかつさくら 新横浜店【宅配専門店】 Tonkatsu Sakura Shin Yokohama,"Japan, 〒231-0012 Kanagawa, Yokohama, Naka Ward, Aioicho, 4 Chome−６７",mobile number exception occurred, 
レストラン 四季彩 新横浜店 resutorannsikisaisinnyokohamatenn,"2 Chome-3-3 Shinyokohama, Kohoku Ward, Yokohama, Kanagawa 222-0033, Japan",mobile number exception occurred, 
博多水炊き・自家製豆腐 鶏風 新横浜,address exception occurred,mobile number exception occurred, 
唐揚げ専門店TORIKARA 新横浜店 TORIKARA Shin Yokohama,address exception occurred,mobile number exception occurred, 
ヱビスバー キュービックプラザ新横浜店 YEBISU BAR Shin Yokohama,"Japan, 〒222-0026 Kanagawa, Yokohama, Kohoku Ward, Shinoharacho, 新横浜中央 ビル CUBICPLAZA 新横浜 1F ぐるめ ストリート 日本 2937 番地",+81 45-472-6361, 
油そば 一門屋 新横浜 Aburasoba Ichimonya Shinyokohama,address exception occurred,mobile number exception occurred, 
カフェミラノ 新横浜店 Cafe Milano Shin Yokohama,"Japan, 〒222-0033 Kanagawa, Yokohama, Kohoku Ward, Shinyokohama, 2 Chome−５−19 アプリ新横浜ビル １Ｆ",mobile number exception occurred, 
土間土間 新横浜店 Domadoma Shinyokohama,"Japan, 〒222-0033 Kanagawa, Yokohama, Kohoku Ward, Shinyokohama, 3 Chome−２−6 新横浜西武ビル 3階",mobile number exception occurred, 
ケンタッキーフライドチキン 大倉山 Kentucky Fried Chicken Ookurayama,"2 Chome-1-14 Okurayama, Kohoku Ward, Yokohama, Kanagawa 222-0037, Japan",mobile number exception occurred, 
ハローケバブキッチン Hello Kebab Kitchen,address exception occurred,mobile number exception occurred, 
俺のグラタン by俺のフレンチ横浜,"Japan, 〒220-0005 Kanagawa, Yokohama, Nishi Ward, Minamisaiwai, 2 Chome−17−1 相鉄南幸第7ビル１Ｆ",mobile number exception occurred, 
すき家 新横浜店 Sukiya Shin-Yokohama,"2 Chome-6-17 Shinyokohama, Kohoku Ward, Yokohama, Kanagawa 222-0033, Japan",mobile number exception occurred, 
ラーメン豚山 横浜西口店 RamenBUTAYAMA Yokohama Nishiguchi,address exception occurred,mobile number exception occurred, 
横浜家系ラーメン 極味家 六角橋店 Yokohama Family Ramen KIWAMIYA Rokkakubash,"Japan, 〒221-0802 Kanagawa, Yokohama, Kanagawa Ward, Rokukakubashi, 2 Chome−1−20 鶴岡ビル 1F",mobile number exception occurred, 
ハンバーグ＆ステーキ専門店 おが屋 Hamburg & Steak OGAYA,"Japan, 〒221-0802 Kanagawa, Yokohama, Kanagawa Ward, Rokukakubashi, 2 Chome−2−20 佐藤ビル 2F",mobile number exception occurred, 
スシロー 東神奈川店 Sushiro HIGASHIKANAGAWA,"Japan, 〒221-0044 Kanagawa, Yokohama, Kanagawa Ward, Higashikanagawa, 2 Chome−４８−24",mobile number exception occurred, 
大阪王将 子安店 Osaka Oshou Koyasu,"Japan, 〒221-0021 Kanagawa, Yokohama, Kanagawa Ward, Koyasudori, 1 Chome−5-3 サンモール小野",mobile number exception occurred, 
インド・アジアン料理 ニューカトマンズキッチン New Kathmandu Kitchen,"468 Shimotsuchidana, Fujisawa, Kanagawa 252-0807, Japan",mobile number exception occurred, 
シィーティー ＳＥＥ ＴＥＡ,"1 Chome-10-16 Rokukakubashi, Kanagawa Ward, Yokohama, Kanagawa 221-0802, Japan",mobile number exception occurred, 
バーガーズニューヨーク Burgers New York,"Japan, 〒240-0004 Kanagawa, Yokohama, Hodogaya Ward, Iwamacho, 2 Chome−161ｰ1 WARE HOUSE 1番倉庫",mobile number exception occurred, 
松屋 新横浜店 Matsuya Shin-Yokohama,"Japan, 〒222-0033 Kanagawa, Yokohama, Kohoku Ward, Shinyokohama, 2 Chome−3−5 SR第2ビル",mobile number exception occurred, 
横濱バナナジュース YOKOHAMA BANANA JUICE,"1-3-11 Nishikanagawa, Kanagawa Ward, Yokohama, Kanagawa 221-0822, Japan",mobile number exception occurred, 
ヒマール キッチン 神奈川新町店 Himal Kitchen Kanagawa Shinmachi,"1-5 Urashimacho, Kanagawa Ward, Yokohama, Kanagawa 221-0042, Japan",mobile number exception occurred, 
韓国家庭料理 アジャ パート2 Aja Part2,"2 Chome-14-5 Rokukakubashi, Kanagawa Ward, 横浜市神奈川区 Kanagawa 221-0802, Japan",mobile number exception occurred, 
韓国料理ポチャ Korean cuisine Pocha Restaurant,address exception occurred,mobile number exception occurred, 
築地銀だこ 白楽駅前店 Tsukiji Gindaco Hakuraku Ekimae,"Japan, 〒221-0065 Kanagawa, Yokohama, Kanagawa Ward, Hakuraku, 118 白楽店",mobile number exception occurred, 
ビストロひまわり Bistro Himawari,"3 Chome-1-29 Fukadacho, Nada Ward, Kobe, Hyogo 657-0038, Japan",mobile number exception occurred, 
シュラスコレストラン ALEGRIA新横浜 Churrasco Restaurant ALEGRIA Shinyokohama,"Japan, 〒222-0033 Kanagawa, Yokohama, Kohoku Ward, Shinyokohama, 3 Chome−１７−15 リバティー新横浜ビル 4階",mobile number exception occurred, 
ラーメン豚山 白楽店,"100-5 Hakuraku, Kanagawa Ward, Yokohama, Kanagawa 221-0065, Japan",+81 45-633-8881, 
ベンダー×キッチン 東神奈川店 Vendor×Kitchen,"1 Chome-2-4 Hiyoshihoncho, Kohoku Ward, Yokohama, Kanagawa 223-0062, Japan",mobile number exception occurred, 
中国料理・タイ料理 チャイハナ Chaihana,address exception occurred,mobile number exception occurred, 
中華料理 三幸苑 Sankouen,address exception occurred,mobile number exception occurred, 
アステカス Aztecas,address exception occurred,mobile number exception occurred, 
手作りおにぎりとサンドイッチ カヤバヤ 横浜ランドマーク店,address exception occurred,mobile number exception occurred, 
華福菜館 Hanahukusaikan,"Japan, 〒222-0033 Kanagawa, Yokohama, Kohoku Ward, Shinyokohama, 3 Chome−９−5",mobile number exception occurred, 
牛たん とろろ 麦めし ねぎし 横浜パルナード店 Negishi Yokohama Pal Nerd,"Japan, 〒220-0005 Kanagawa, Yokohama, Nishi Ward, Minamisaiwai, 2 Chome−7−1 銀座屋ビル 2F",mobile number exception occurred, 
お惣菜カフェオレンジ Osouzai Cafe Orange,"1 Chome-36-16 Hiranuma, Nishi Ward, Yokohama, Kanagawa 220-0023, Japan",mobile number exception occurred, 
おむすび権米衛キュービックプラザ新横浜,"Japan, 〒222-0033 Kanagawa, Yokohama, Kohoku Ward, Shinyokohama, 2 Chome−100-45 キュービックプラザ新横浜 ２Ｆ",+81 45-471-4430, 
インドアジア料理 家帝 菊名店 Indian Asian Restaurant Yeti,address exception occurred,mobile number exception occurred, 
ひるはからあげ！ hiru ha karaage!,address exception occurred,mobile number exception occurred, 
ステーキクラブ18 天王町店 STEAK CLUB 18 Tennnouchou,"1 Chome-32-4 Tennocho, Hodogaya Ward, Yokohama, Kanagawa 240-0003, Japan",mobile number exception occurred, 
タイ料理 ティーヌン横浜 ランドマークプラザ店 Thai Food TINUN YOKOHAMA LANDMARK PLAZA,address exception occurred,mobile number exception occurred, 
ローソン 横浜西大口店 Lawson Yokohama Nishioguchi,"456-21 Nishioguchi, Kanagawa Ward, Yokohama, Kanagawa 221-0004, Japan",mobile number exception occurred, 
ローソン 横浜浅間下,"1-20‐5 Sengencho, Nishi Ward, Yokohama, Kanagawa 220-0072, Japan",mobile number exception occurred, 
タンタンメン金家片倉本店 tantanmenkinya katakurahonten,"1 Chome-5-17 Katakura, Kanagawa Ward, Yokohama, Kanagawa 221-0865, Japan",mobile number exception occurred, 
インドネパール料理 ナマステ食堂 indian nepali restaurant NAMASTE SHOKUDOU,address exception occurred,mobile number exception occurred, 
天丼しみず Tendon Shimizu,address exception occurred,mobile number exception occurred, 
北海道料理専門店 ノースファクトリー North Factory,"7 Chome-14-42 Fukui, Nishi Ward, Sapporo, Hokkaido 063-0012, Japan",mobile number exception occurred, 
四川麻辣火鍋 天府 桜木町店 SHISEN MA-RA-HINABE TENFU SAKURAGICHO,"旭ビル, １階, 1-５１ 第５ Nogecho, Naka Ward, Yokohama, Kanagawa 231-0064, Japan",mobile number exception occurred, 
インド ネパール料理 トルシー Tulshi,"210-23 Mamedocho, Kohoku Ward, Yokohama, Kanagawa 222-0032, Japan",mobile number exception occurred, 
博多もつ鍋おおやま 横浜 Hakata-motunabe Ooyama Yokohama,address exception occurred,mobile number exception occurred, 
シリーエベレストキッチン 反町店 SHIRI EBERESUTO KITCHEN TANMACHI,"1 Chome-3-1 Kamitanmachi, Kanagawa Ward, Yokohama, Kanagawa 221-0831, Japan",mobile number exception occurred, 
シャンティ デリ 戸部店 Shanthi Deli Tobe,"3-7 Tobehoncho, Nishi Ward, Yokohama, Kanagawa 220-0041, Japan",mobile number exception occurred, 
エビン 神奈川駅前店 Yabin Kanagawaekimae,address exception occurred,mobile number exception occurred, 
海鮮丼 しみず Bowl of rice topped with sashimi Shimizu,address exception occurred,mobile number exception occurred, 
トルバトルコケバブキッチン Truva Bistro Kebab Kitchen,address exception occurred,mobile number exception occurred, 
ハマカレ Hamakare,address exception occurred,mobile number exception occurred, 
食遊記 桜木町店 Syokuyuki Sakuragicho,address exception occurred,mobile number exception occurred, 
ファイティングクックローストチキンクラブ FIGHTINGCOCK ROASTCHICKENCLUB,"2 Chome-12-26 Kitasaiwai, Nishi Ward, Yokohama, Kanagawa 220-0004, Japan",+81 45-594-7943, 
麺屋ゆるり。 Ramen YURURI。,"Japan, 〒222-0037 Kanagawa, Yokohama, Kohoku Ward, Okurayama, 1 Chome−16−1 八百芳ビル １階",mobile number exception occurred, 
ロービーはけんこう ro-bi- ha kenkou,address exception occurred,mobile number exception occurred, 
ニューエベレストキッチン new everesutokitchen,address exception occurred,mobile number exception occurred, 
カステリーナ横浜 Kasuterina Yokohama,"2 Chome-6-5 Kitasaiwai, Nishi Ward, Yokohama, Kanagawa 220-0004, Japan",mobile number exception occurred, 
にんにくハウス ガリクソン Garlic house Garrickson,address exception occurred,mobile number exception occurred, 
サンタモニカ サードストリート ミートテラス SANTA MONICA 3rd st. MEAT TERRACE,"Japan, 〒220-6002 Kanagawa, Yokohama, Nishi Ward, Minatomirai, 2 Chome−3−1, Queen's Tower A, ２階",+81 45-323-9063, 
中国家庭料理 香園 横浜店 chuugokukateiryouri koen,"Japan, 〒220-0011 Kanagawa, Yokohama, Nishi Ward, Takashima, 2 Chome−7−1 ファーストプレイス横浜 2F",mobile number exception occurred, 
牛角 新横浜店 Gyukaku Shin Yokohama,"新横浜ﾋﾞﾙ, 1F, 2865 Shinoharacho, Kohoku Ward, Yokohama, Kanagawa 222-0026, Japan",mobile number exception occurred, 
寿司のまるかみ みなとみらい店,"Japan, 〒220-8190 Kanagawa, Yokohama, Nishi Ward, Minatomirai, 2 Chome−2−1 ランドマークプラザドックヤードガーデン 地下２階",mobile number exception occurred, 
唐揚げ専門店 花鳥,address exception occurred,mobile number exception occurred, 
あかくろたんたん akakurotantan,address exception occurred,mobile number exception occurred, 
エムエム タイ MMTHAI,"4 Chome-6-2 Minatomirai, Nishi Ward, Yokohama, Kanagawa 220-0012, Japan",+81 50-5303-6433, 
ヒマール キッチン 大口店 Himal Kitchen Oguchi,"10-15 Kaminokicho, Kanagawa Ward, Yokohama, Kanagawa 221-0015, Japan",mobile number exception occurred, 
激旨の殿堂 丼・キホーテ Gekiumanodendou Don・Quixote,address exception occurred,mobile number exception occurred, 
楽一 Rakuichi,address exception occurred,mobile number exception occurred, 
マグノリア Magnolia,address exception occurred,mobile number exception occurred, 
本格インド料理&バー アグラ Agra,address exception occurred,mobile number exception occurred, 
鴨屋 そば香 菊名店 Kamoya Sobakou Kikuna,"4 Chome-1-11 Kikuna, Kohoku Ward, Yokohama, Kanagawa 222-0011, Japan",mobile number exception occurred, 
極上ローストビーフ丼「Meat Fall」 横浜駅前店 Meat Fall Yokohama Station,address exception occurred,mobile number exception occurred, 
エベレストキッチン Everest Kitchen,address exception occurred,mobile number exception occurred, 
贅沢黒毛和牛 ロコモコ丼 HAMA 横浜,address exception occurred,mobile number exception occurred, 
ル・ミトロン Le mitron,address exception occurred,mobile number exception occurred, 
鴨屋 そば香 妙蓮寺 Kamoya Sobakou Myorenji,"Japan, 〒222-0011 Kanagawa, Yokohama, Kohoku Ward, Kikuna, 1 Chome−3−8 コーポ静河",mobile number exception occurred, 
らーめん橋本 raamen hashimoto,address exception occurred,mobile number exception occurred, 
ATARAYO食堂 ATARAYO Shokudo,"1 Chome-7-2 Kikuna, Kohoku Ward, Yokohama, Kanagawa 222-0011, Japan",mobile number exception occurred, 
DRAGON酒家離れ DORAGON SYUKA HANARE,address exception occurred,mobile number exception occurred, 
餃子の翠葉 本店 Suiyo,"Japan, 〒231-0033 Kanagawa, Yokohama, Naka Ward, Chojamachi, ９−170 翠葉ビル2階",mobile number exception occurred, 
ヒマラヤ 大倉山店 Himalayas Okurayama,"3 Chome-29-8 Okurayama, Kohoku Ward, Yokohama, Kanagawa 222-0037, Japan",mobile number exception occurred, 
オレンジブランチ Orange Branch,"Japan, 〒220-0021 Kanagawa, Yokohama, Nishi Ward, Sakuragicho, 4 Chome−15-7 アスカビル ２F",+81 45-680-0880, 
タピオカ専門店 モエ茶 Tapioca MOE TEA,"Japan, 〒221-0045 Kanagawa, Yokohama, Kanagawa Ward, Kanagawa, 2 Chome−１９−9 洛東ビル 1F",mobile number exception occurred, 
ディップパレス新横浜店 DIPPALACE Shin Yokohama,"Japan, 〒222-0033 Kanagawa, Yokohama, Kohoku Ward, Shinyokohama, 2 Chome−５−17 GEMS新横浜 B1",mobile number exception occurred, 
凪カフェ Nagi Coffee,address exception occurred,mobile number exception occurred, 
ゴルジュ GORGE,"3 Chome-23-1 Tanmachi, Kanagawa Ward, Yokohama, Kanagawa 221-0825, Japan",mobile number exception occurred, 
新田 nitta,address exception occurred,mobile number exception occurred, 
a24,address exception occurred,mobile number exception occurred, 
やきとりの拓 YakitorinoTAKU,address exception occurred,mobile number exception occurred, 
"東京からあげ専門店あげたて新横浜店＠海ぶね A Tokyo Karaage speciality store , Agetate Shin-Yokohama store @ Kabune",address exception occurred,mobile number exception occurred, 
SHANTHI DELI,"3-7 Tobehoncho, Nishi Ward, Yokohama, Kanagawa 220-0041, Japan",mobile number exception occurred, 
ホテル横浜キャメロットジャパンCafé&Barエルコラーノ HOTEL YOKOHAMA CAMELOT JAPAN Café&Bar ERCOLANO,"Japan, 〒220-0004 Kanagawa, Yokohama, Nishi Ward, Kitasaiwai, 1 Chome−11−3 ホテル横浜キャメロットジャパン",+81 50-3490-1941, 
ポン吉 西横浜店 Ponkichi Nishiyokohama store,address exception occurred,mobile number exception occurred, 
グリル・ラクレット Grill Raclette,address exception occurred,mobile number exception occurred, 
旨辛激辛 レッドスター Red Star,address exception occurred,mobile number exception occurred, 
焼きたてパン工房 る・ぱん Fresh bakery　Le-pin,address exception occurred,mobile number exception occurred, 
Onder〜鴨焼きしゃぶと燻製〜 Onder〜kamoyakisyabu to kunsei〜,address exception occurred,mobile number exception occurred, 
けんけんぱ Kenkenpa,address exception occurred,mobile number exception occurred, 
ホルモン専門店 烈 鶴屋町店 Horumon RETSU,"Japan, 〒221-0835 Kanagawa, Yokohama, Kanagawa Ward, Tsuruyacho, 2 Chome−12−3 第三平楽ビル ２階",mobile number exception occurred, 
健康中華 青蓮 YBP（横浜ビジネスパーク）店 Healthy Chinese SEIREN YBP（Yokohama Business Park),"Japan, 〒240-0005 Kanagawa, Yokohama, Hodogaya Ward, Godocho, 134 横浜ビジネスパーク プレッツォ 2階",mobile number exception occurred, 
【ドライカレー専門店】マルコビッチコネクション [Dry Curry] Malkovich Connection,address exception occurred,mobile number exception occurred, 
カフェ ブルーム CAFE BLOOM,"Japan, 〒039-3131 Aomori, Distrito de Kamikita, AomoriNoheji, 38-1 地図データ ©2017 ZENRIN 利用規約住所 さくら２ １号室",mobile number exception occurred, 
韓国熟成焼肉 コギヤ 西横浜 Koreanagedyakiniku Kogia Nishiyokohama,address exception occurred,mobile number exception occurred, 
ミスターブルックリン ステーキハウス Mr Brooklyn Steak House,address exception occurred,mobile number exception occurred, 
雅叙宴 gajoen,"Japan, 〒222-0033 Kanagawa, Yokohama, Kohoku Ward, Shinyokohama, 3 Chome−１−2",mobile number exception occurred, 
キッチンローズ Kitchen Rose,address exception occurred,mobile number exception occurred, 
窯焼きピザ HOTEL Lafayette Pizza HOTEL Lafayette,"1 Chome-16-4 Okano, Nishi Ward, Yokohama, Kanagawa 220-0073, Japan",mobile number exception occurred, 
中華料理 丁四餃子 Chinese Restaurant Teiyon Gyouza,address exception occurred,mobile number exception occurred, 
インド＆ネパールレストラン 創作ダイニング さーて Sosaku Dining Saate,address exception occurred,mobile number exception occurred, 
漢飯！木村,address exception occurred,mobile number exception occurred, 
ディープジョティ Deep Jyoti,address exception occurred,mobile number exception occurred, 
どさん子Deli 大口店 Dosanko Deli OGUCHI,address exception occurred,mobile number exception occurred, 
ゴヴィンダ カレーバー Govinda Curry Bar,"2-44-53 Tennocho, Hodogaya Ward, Yokohama, Kanagawa 240-0003, Japan",mobile number exception occurred, 
原価ビストロBAN！ 横浜西口天理ビル Genka BISTRO BAN! YOKOHAMA NISHIGUCHI TENRI BLDG.,"Japan, 〒220-0004 Kanagawa, Yokohama, Nishi Ward, Kitasaiwai, 1 Chome−4−1 横浜天理ビル B1階",mobile number exception occurred, 
チーズミーツミート横浜 Cheese Meets Meat,"Japan, 〒220-0004 Kanagawa, Yokohama, Nishi Ward, Kitasaiwai, 1 Chome−5−4 三協ビル 5階",mobile number exception occurred, 
肉吸い専門 大正屋 大口店 Taishoya OGUCHI,"56-11 Oguchidori, Kanagawa Ward, Yokohama, Kanagawa 221-0002, Japan",mobile number exception occurred, 
タイレストラン アロイ神奈川駅前店 THAIRESUTAURANT AROI,address exception occurred,mobile number exception occurred, 
うな吉 横浜 Unakichi Yokohama,address exception occurred,mobile number exception occurred, 
トラベルカフェ ニューステージ横浜店 TRAVEL CAFÉ,"Japan, 〒221-0031 Kanagawa, Yokohama, Kanagawa Ward, Shinurashimacho, 1 Chome−１−32 ニューステージ横浜 1F",mobile number exception occurred, 
レストランロッコ restaurant rocco,"Japan, 〒220-0004 Kanagawa, Yokohama, Nishi Ward, Kitasaiwai, 2 Chome−9−30 横浜西口加藤ビル B1",+81 45-534-6934, 
台湾飯太平 横浜西口店 Taihei Yokohama Nishiguchi,address exception occurred,mobile number exception occurred, 
インドカレー・ネパールカレー・アヌちゃん Anuchan,"Japan, 〒221-0822 Kanagawa, Yokohama, Kanagawa Ward, Nishikanagawa, 3 Chome−1番地6 松田ビル 1F",mobile number exception occurred, 
エムズファーム M'sFarm,address exception occurred,mobile number exception occurred, 
から揚げ　やきとり家　すみれ横浜西口店,"Japan, 〒220-0005 Kanagawa, Yokohama, Nishi Ward, Minamisaiwai, 2 Chome−5−4 ６F",mobile number exception occurred, 
ムスカン Muskan,address exception occurred,mobile number exception occurred, 
チャ伊ナバル Chainabaru,"Japan, 〒222-0033 Kanagawa, Yokohama, Kohoku Ward, Shinyokohama, 2 Chome−１２−20 京浜建物第１ビル 1F",mobile number exception occurred, 
てんのうちょう酒場 Tennouchousakaba,"1 Chome-6-1 Tennocho, Hodogaya Ward, Yokohama, Kanagawa 240-0003, Japan",mobile number exception occurred, 
バルヨンマルヨン bal 404,address exception occurred,mobile number exception occurred, 
俺のフレンチ 横浜店 Oreno French Yokohama,"Japan, 〒220-0005 Kanagawa, Yokohama, Nishi Ward, Minamisaiwai, 2 Chome−17−1 相鉄南幸第7ビル１Ｆ",mobile number exception occurred, 
炭火焼き定食ひもの屋　馬車道入り口店 HIMONOYA Yokohama,"Japan, 〒231-0016 Kanagawa, Yokohama, Naka Ward, 真砂町４丁目４３ 木下商事ビルB1",mobile number exception occurred, 
焼肉弁当 白楽亭 Yakinikubento Hakurakutei,address exception occurred,mobile number exception occurred, 
どない家＆しゃぶしゃぶ久,"Japan, 〒222-0033 Kanagawa, Yokohama, Kohoku Ward, Shinyokohama, 2 Chome−１４−25 アポロ新横浜第２ビル 5F",mobile number exception occurred, 
ＲＥＤ　ＨＯＴ　ワールドワイドクリスピーチキン 横浜店　ＲＥＤ　ＨＯＴ　WORLDWIDE　CRISPY　CHICKEN　YOKOHAMA,address exception occurred,mobile number exception occurred, 
Good Spirits 梵 Good Spirits BON,"2 Chome-5-13 Wada, Hodogaya Ward, Yokohama, 神奈川県 Kanagawa 240-0065, Japan",mobile number exception occurred, 
オステリア ピッツェリア ダルマーレ Osteria Pizzeria Dalmare,"Japan, 〒220-0042 Kanagawa, Yokohama, Nishi Ward, Tobecho, 5 Chome−204 第2暁ビル101",mobile number exception occurred, 
健康中華 青蓮 みなとみらい店 Healthy Chinese SEIREN Minatomirai,"Japan, 〒220-0012 Kanagawa, Yokohama, Nishi Ward, Minatomirai, 3 Chome−6−1 みなとみらいセンタービル3F",+81 50-3494-6352, 
ステーキ専門店 GOCHI,address exception occurred,mobile number exception occurred, 
浜一番屋,"Japan, 〒222-0033 Kanagawa, Yokohama, Kohoku Ward, Shinyokohama, 2 Chome−4-5 天満ビル 1F",mobile number exception occurred, 
とべ食堂 Tobe shokudouc,address exception occurred,mobile number exception occurred, 
うな吉 新横浜 Unakichi Shin-Yokohama,address exception occurred,mobile number exception occurred, 
世界のビール博物館 みなとみらい店 World Beer Museum Minatomirai,"2 Chome-2-1 Minatomirai, Nishi Ward, Yokohama, Kanagawa 220-0012, Japan",+81 45-664-2988, 
から揚げ六角箸 Modern japanesedining Karaagerokkakubashi,address exception occurred,mobile number exception occurred, 
ラ イベリカ La Iberica,"Japan, 〒220-0004 Kanagawa, Yokohama, Nishi Ward, Kitasaiwai, 2 Chome−6−5 GEMS横浜 3F",+81 50-3461-8896, 
アジアンキッチン わだ Asian Kitchen Wada,address exception occurred,mobile number exception occurred, 
中華富貴苑 CyukaHukien,address exception occurred,mobile number exception occurred, 
フラグランテ フラゴラ Fragrante Fragola,"1-11-2 Iwamacho, Hodogaya Ward, Yokohama, Kanagawa 240-0004, Japan",mobile number exception occurred, 
木村屋本店 横浜鶴屋町,"Japan, 〒221-0835 Kanagawa, Yokohama, Kanagawa Ward, Tsuruyacho, 2 Chome−15 エフテム白十字ビル2F",mobile number exception occurred, 
バーガーズカフェグリルフクヨシ 西横浜 Burgers Cafe Grill Fukuyoshi Nishiyokohama,address exception occurred,mobile number exception occurred, 
花道 Hanamichi,address exception occurred,mobile number exception occurred, 
牛たん専門店せんり 西横浜 Gyutan Senri Nishiyokohama,address exception occurred,mobile number exception occurred, 
肉バル Boswain Niku/BAL Boswain,"2 Chome-10-24 Takashima, Nishi Ward, Yokohama, Kanagawa 220-0011, Japan",mobile number exception occurred, 
ラッピングハンバーグ専門店「cuisine4596」横浜駅前店 cuisine4596 Yokohama Station,address exception occurred,mobile number exception occurred, 
ジャロピー JALOPY,"Japan, 〒220-0005 Kanagawa, Yokohama, Nishi Ward, Minamisaiwai, 2 Chome−9−9 アネックス横浜 101",+81 70-5584-1001, 
JUNK CURRY YOKOHAMA 帰ってきた☆じゃんかれ！！戸部編,address exception occurred,mobile number exception occurred, 
唐揚げ専門店TORIKARA 横浜駅前店 TORIKARA Yokohama Ekimae,address exception occurred,mobile number exception occurred, 
漬け込み唐揚げ専門店 バタバタ BATA-BATA,"Japan, 〒220-0011 Kanagawa, Yokohama, Nishi Ward, Takashima, 2 Chome−16−16 B1F YOKOHAMA PORTA",+81 70-5653-0144, 
神保町ビーフ 西横浜 Jinbocho Beef Nishiyokohama,address exception occurred,mobile number exception occurred, 
インド・ネパール料理 プルニマ 常盤台店 Purnima Tokiwadai,address exception occurred,mobile number exception occurred, 
ごちそうや by fifteen Gochisoya by fifteen,"Japan, 〒221-0841 Kanagawa, Yokohama, Kanagawa Ward, Matsumotocho, 2 Chome−19-9 1F",mobile number exception occurred, 
BARBA Pisca,"1 Chome-1-12 Shinoharakita, Kohoku Ward, Yokohama, Kanagawa 222-0021, Japan",mobile number exception occurred, 
天ぷらふく西 禅と匠 Tempura Fukunishi Zen to Takumi,"Japan, 〒220-0012 Kanagawa, Yokohama, Nishi Ward, Minatomirai, 4 Chome−6−2 グランドセントラル 201",+81 50-5263-3884, 
福隆酒家,"1-10-16 Nishikanagawa, Kanagawa Ward, Yokohama, Kanagawa 221-0822, Japan",mobile number exception occurred, 
アメリカンビストロ ナッシュ American Bistro Nash,"Japan, 〒220-0005 Kanagawa, Yokohama, Nishi Ward, Minamisaiwai, 2 Chome−8−5 小室ビル 3F",mobile number exception occurred, 
Hawaiian Café&Restaurant Merengue 岸根公園店,"1123 Shinoharacho, Kohoku Ward, Yokohama, Kanagawa 222-0026, Japan",mobile number exception occurred, 
和気あいあい 横浜西口店 Wakiaiai Yokohamanishiguchiten,"Japan, 〒220-0005 Kanagawa, Yokohama, Nishi Ward, Minamisaiwai, 9, ２丁９−１ ニッセイ第３ビル B１F",mobile number exception occurred, 
こだわりとんかつ 神楽 西横浜 Kagura Nishiyokohama,"2229-8 Iwafune, Tochigi, 329-4307, Japan",mobile number exception occurred, 
Omuricecafé Yellowgourmet 西横浜 Nishiyokohama,address exception occurred,mobile number exception occurred, 
ロジカルキッチン Logical kitchen,address exception occurred,mobile number exception occurred, 
キッチンばるきど Kitchen BARUKIDO,address exception occurred,mobile number exception occurred, 
ジンジャーズビーチ【Ginger's Beach】,"Japan, 〒221-0056 Kanagawa, Yokohama, Kanagawa Ward, Kinkocho, 3-1, Concurred, 1階",mobile number exception occurred, 
龍鳳軒 Ryuhouken,address exception occurred,mobile number exception occurred, 
定食 はかた亭 大口店 Hakatatei OGUCHI,"2 Chome-10-15 Nishihokima, Adachi City, Tokyo 121-0812, Japan",mobile number exception occurred, 
大かまど飯 寅福 ジョイナス店,"Japan, 〒220-0005 Kanagawa, Yokohama, Nishi Ward, Minamisaiwai, 1 Chome−5−1 相鉄ジョイナス B2F",+81 45-290-5700, 
喜太之鮨 KITANOZUSHI,address exception occurred,mobile number exception occurred, 
とんぱた亭 三枚町店 Ramen Tonpatatei,address exception occurred,mobile number exception occurred, 
出世居酒屋いっすんぼうし横浜東口店 izakaya issunboushi yokohamahigashiguchi,"Japan, 〒220-0011 Kanagawa, Yokohama, Nishi Ward, Takashima, 2 Chome−6−32 横浜東口ウィスポートビル ２F",+81 45-453-3751, 
浪速出汁茶漬け 香 大口店,address exception occurred,mobile number exception occurred, 
インドレストラン ラスミ indian restaurant rasumi,address exception occurred,mobile number exception occurred, 
格之進GR 横浜西口店 KakunoshinGR YOKOHAMA NISHIGUCHI,"Japan, 〒220-0004 Kanagawa, Yokohama, Nishi Ward, Kitasaiwai, 1 Chome−4−1 横浜天理ビル B1階",mobile number exception occurred, 
チーズキッチンラボ 横浜 Cheese Kitchen Labo YOKOHAMA,"Japan, 〒220-0005 Kanagawa, Yokohama, Nishi Ward, Minamisaiwai, 2 Chome−17−8 横浜トラストビル 6階",mobile number exception occurred, 
精力の源 イクイクカレー Seiryokunominamoto ikuikucurry,address exception occurred,mobile number exception occurred, 
牛かつ黒べこ 西横浜 Gyukatsu Kurobeko Nishiyokohama,address exception occurred,mobile number exception occurred, 
鉄板焼き 一如 Teppanyaki Ichinyo,address exception occurred,mobile number exception occurred, 
タニヤ食堂 taniya syokudou,address exception occurred,mobile number exception occurred, 
酒とったり saketottari,address exception occurred,mobile number exception occurred, 
ダンボピッツァファクトリー横浜店 DUMBO Pizza Factory yokohama,"Japan, 〒220-0005 Kanagawa, Yokohama, Nishi Ward, Minamisaiwai, 1 Chome−10−5 相鉄南幸第9ビル 1F",mobile number exception occurred, 
福よし 西横浜 Fukuyoshi Nishiyokohama,address exception occurred,mobile number exception occurred, 
揚げたてからあげ専門店 SAKUSAKUクリスピーチキン 横浜西口店 (karaage SAKUSAKU Ykohamanishiguchi),address exception occurred,mobile number exception occurred, 
溶岩焼きビビンパ専門店「ファルファサン」 横浜菊名店,address exception occurred,mobile number exception occurred, 
エベレストキッチン 戸部店 Everest Kitchen Tobe,"50-14 Tobehoncho, Nishi Ward, Yokohama, Kanagawa 220-0041, Japan",mobile number exception occurred, 
魚と酒はなたれ横浜東口店 sakanatosakehanatare yokohamahigasiguchitenn,"Japan, 〒220-0011 Kanagawa, Yokohama, Nishi Ward, Takashima, 2 Chome−10−10 １３ 横浜東口ビル1F",+81 45-534-7656, 
ちゅらり横浜西口店 churari yokohamanishiguchiten,"Japan, 〒220-0005 Kanagawa, Yokohama, Nishi Ward, Minamisaiwai, 1 Chome−12−8 横浜西口ビル B1 TK",mobile number exception occurred, 
唐揚げ専門 ひな鶏伊勢ゐ 横浜,address exception occurred,mobile number exception occurred, 
産直市場 丸,"Japan, 〒220-0005 Kanagawa, Yokohama, Nishi Ward, 西区, 1, 南幸 ２丁目 １ ２２ 相鉄ムービル 1F",+81 50-5816-1359, 
ディピカ Deepika,address exception occurred,mobile number exception occurred, 
エーラージ インド＆ネパール料理 A-Raj indian and nepali restaurant,address exception occurred,mobile number exception occurred, 
パック.バブルズ ドリンク 横浜三栄,address exception occurred,mobile number exception occurred, 
ビストロボンノ Bistro bonno,"6-13 Kinkocho, Kanagawa Ward, Yokohama, Kanagawa 221-0056, Japan",mobile number exception occurred, 
元天ねぎ蛸 ＭＡＲＫ ＩＳ みなとみらい店 GentenNegidako MARK IS Minatomirai,"Japan, 〒220-0012 Kanagawa, Yokohama, Nishi Ward, Minatomirai, 3 Chome−5−1 MARK IS みなとみらい 4F",+81 45-319-6277, 
東京どんぶり専門店 どんぶりマニア 新横浜＠海ぶね店 Tokyo Donburi Specialty Store Donburi Mania Shinyokohama Store,address exception occurred,mobile number exception occurred, 
極上ローストビーフ丼「Meat Fall」 横浜菊名店,address exception occurred,mobile number exception occurred, 
アムラパーリー Amra pali 　鶴屋町店,"3 Chome-34-5 Tsuruyacho, Kanagawa Ward, Yokohama, Kanagawa 221-0835, Japan",mobile number exception occurred, 
グッデイジュース Gooday Juice,"2 Chome-2-1 Shinko, Naka Ward, Yokohama, Kanagawa 231-0001, Japan",mobile number exception occurred, 
はつ味 Hatsumi,"Japan, 〒220-0072 Kanagawa, Yokohama, Nishi Ward, 浅間町1-20-17",mobile number exception occurred, 
しゃぶしゃぶ温野菜 横浜西口鶴屋町店 Shabu Shabu Onyasai Yokohama Nishiguchi Tsuruyacho,"Japan, 〒220-0004 Kanagawa, Yokohama, Nishi Ward, Kitasaiwai, 1 Chome−1−2 Inb横浜西口ビル 7F",mobile number exception occurred, 
博多黒カレー堂 Bistroryu 西横浜 Hakatablackcurryhouse Bistroryu Nishiyokohama,address exception occurred,mobile number exception occurred, 
ニュービジヤ Asian Restaurant & Bar New Bijiya,address exception occurred,mobile number exception occurred, 
日本酒バルＵＭＡＭＩ Japanese Sake Bar UMAMI,"Japan, 〒221-0835 Kanagawa, Yokohama, Kanagawa Ward, Tsuruyacho, 2 Chome−9-22 日興パレス横浜 102",mobile number exception occurred, 
健康創作中華 玲瓏 Healthy Chinese Restaurant Reirou,"2 Chome-46-17 Tennocho, Hodogaya Ward, Yokohama, Kanagawa 240-0003, Japan",mobile number exception occurred, 
咖哩麻婆飯店 華香苑 横浜 Curry Mapo Kakoen,address exception occurred,mobile number exception occurred, 
秘伝焦がしたれ焼肉丼 やきはち みなとみらい,"Japan, 〒333 Kanagawa, JP 2240037",mobile number exception occurred, 
ザ・ダッド・ボッド・バーガー みなとみらい The Dad Bod Burger Minatomirai,address exception occurred,mobile number exception occurred, 
咖哩麻婆飯店 華香苑 新横浜 Curry Mapo Kakoen Shinyokohama,address exception occurred,mobile number exception occurred, 
キッチン大宮マークイズみなとみらい店 Kitchen Oomiya Markis Minatomirai Shop,"Japan, 〒220-0012 Kanagawa, Yokohama, Nishi Ward, Minatomirai, 3 Chome−5−1 MARK IS みなとみらい 4F",+81 45-641-0888, 
喜楽屋,address exception occurred,mobile number exception occurred, 
サンゾー ヨコハマ sanzo yokohama,"4 Chome-1-18 Rokukakubashi, Kanagawa Ward, Yokohama, Kanagawa 221-0802, Japan",mobile number exception occurred, 
ド丼パ みなとみらい店,address exception occurred,mobile number exception occurred, 
トラットリア モデルナ ガッティ Trattoria Moderna Gatti,"Japan, 〒220-0005 Kanagawa, Yokohama, Nishi Ward, Minamisaiwai, 2 Chome−9−9 アネックス横浜",+81 50-5304-3027, 
カフェ アンド デリ ロディアックアーケストラ Cafe&Deli Rodiac Arkestra,address exception occurred,mobile number exception occurred, 
びすとろシバ Bistro Shiba,"Japan, 〒240-0003 Kanagawa, Yokohama, Hodogaya Ward, Tennocho, 2 Chome−36-5 第一増田ビル2F",mobile number exception occurred, 
CONA 横浜鶴屋町,"Japan, 〒221-0835 Kanagawa, Yokohama, Kanagawa Ward, Tsuruyacho, ２−12-3 第三平楽ビル １F",mobile number exception occurred, 
ラーメンみな瀬 キュービックプラザ新横浜店 Ramen Minase Cubic Plaza Shinyokohama,address exception occurred,mobile number exception occurred, 
5つ星食堂 ごちそう屋 横浜西口店 Five Star Restaurant Gochiso-ya Yokohama Nishiguchi,"Japan, 〒220-0004 Kanagawa, Yokohama, Nishi Ward, Kitasaiwai, 1 Chome−8−6 三栄ビル 8F 横浜西口",mobile number exception occurred, 
タージ タンドール 白楽店 Taj Tandoor Hakuraku,"3 Chome-11-11 Sugita, Isogo Ward, Yokohama, Kanagawa 235-0033, Japan",mobile number exception occurred, 
インドおつまみ専門店 NEWばんざい Indian snack shop NEW BANZAI,address exception occurred,mobile number exception occurred, 
唐揚げ宅配専門店 赤丸唐揚げ 横浜西口南幸町店 Akamaru Karaage Yokohama Nishiguchi Minamisaiwaichou,address exception occurred,mobile number exception occurred, 
宅配とんかつ専門店 かさねや 横浜中央店,address exception occurred,mobile number exception occurred, 
フライカレー専門チョイスカレー 横浜,address exception occurred,mobile number exception occurred, 
鮨 濱正 sushi hamamasa,"Japan, 〒221-0825 Kanagawa, Yokohama, Kanagawa Ward, Tanmachi, 4 Chome−27-6 NSK2nd 1F",mobile number exception occurred, 
お好み焼き てっぱちや 新横浜店 Okonomiyaki Teppachiya Shinyokohama-ten,address exception occurred,mobile number exception occurred, 
鰻 うな照 横浜,address exception occurred,mobile number exception occurred, 
博多水炊き・自家製豆腐 鶏風 新横浜店,address exception occurred,mobile number exception occurred, 
黒毛和牛A5専門店 Roast Beef Frank,address exception occurred,mobile number exception occurred, 
酒の森 肉 ダイニング Sakenomori Niku Dininng,address exception occurred,mobile number exception occurred, 
小田原魚河岸 Odawarauogashi,address exception occurred,mobile number exception occurred, 
いが本舗　岸根公園店 Igahonpo Kishine Park,"Japan, 〒222-0026 Kanagawa, Yokohama, Kohoku Ward, Shinoharacho, 1103-36 2F",mobile number exception occurred, 
アジアン料理 石井 横浜駅前店 Asian Cuisine Ishii Yokohama Ekimae,address exception occurred,mobile number exception occurred, 
アジアン食堂KUU みなとみらい店,"Japan, 〒220-0012 Kanagawa, Yokohama, Nishi Ward, Minatomirai, 3 Chome−5−1 マークイズみなとみらい 4F",mobile number exception occurred, 
うなぎの岡島 横浜西口南幸店,address exception occurred,mobile number exception occurred, 
バーズれすとらん Birds Restaurant,address exception occurred,mobile number exception occurred, 
黒豚とんかつ とん久 横浜,address exception occurred,mobile number exception occurred, 
港の洋食屋 キッチン芝浦 磯子,address exception occurred,mobile number exception occurred, 
もみじや momijiya,address exception occurred,mobile number exception occurred, 
パンチーニ 横浜 Pancini Yokohama,"1103-36 Shinoharacho, Kohoku Ward, Yokohama, Kanagawa 222-0026, Japan",mobile number exception occurred, 
コージーアート cozyart,address exception occurred,mobile number exception occurred, 
寿司はまたつ横浜西口店 Sushi Hamatatsu,address exception occurred,mobile number exception occurred, 
ガネーシャ・ガル Ganesha ghar,address exception occurred,mobile number exception occurred, 
エルアルバ Luxury＆Relaxing Bar ELALBA,"Japan, 〒220-0072 Kanagawa, Yokohama, Nishi Ward, Sengencho, 1 Chome−１２−3 スカイ ハイツ",mobile number exception occurred, 
レストラン ブー 妙蓮寺 Restaurant BOOO Myorenji,"2 Chome-1-23 Nakatehara, Kohoku Ward, Yokohama, Kanagawa 222-0023, Japan",mobile number exception occurred, 
炭火やきとり まっすぐ Sumibi yakitori MASSUGU,"Japan, 〒220-0004 Kanagawa, Yokohama, Nishi Ward, Kitasaiwai, 2 Chome−9−30 横浜西口加藤ビル B1F",+81 45-534-7899, 
名物カルビ丼 高麗苑 横浜,address exception occurred,mobile number exception occurred, 
酒の森 Sakenomori,"Japan, 〒210-0006 Kanagawa, Kawasaki, Kawasaki Ward, Isago, 2 Chome−3-19 三谷ビル 3階",+81 50-5289-3041, 
ミークスタイル ケータリング MEEKSTYLE CATERING,address exception occurred,mobile number exception occurred, 
はなの舞 新横浜店 Hana no Mai Shin-Yokohama,"東京都健康プラザハイジア 17f, 2 Chome-44-1 Kabukicho, Shinjuku City, Tokyo 160-0021, Japan",mobile number exception occurred, 
横濱咖喱商会ハマール Hammar,"1 Chome-2-5 Tsunashimanishi, Kohoku Ward, Yokohama, Kanagawa 223-0053, Japan",+81 45-544-5675, 
チキンズ・タイム みなとみらい CHICKEN'S TIME Minatomirai,address exception occurred,mobile number exception occurred, 
カルカッタ ストリートキッチン Calcutta street kitchen,address exception occurred,mobile number exception occurred, 
24/7restaurant,address exception occurred,mobile number exception occurred, 
バルと焼肉 B.B.Q. 横濱☆STAR BAR & YAKINIKU B.B.Q. YOKOHAMA STAR,"2-1-102 Saitobuncho, Kanagawa Ward, Yokohama, Kanagawa 221-0811, Japan",mobile number exception occurred, 
つけ麺や 武双 Tsukemenya BUSO,address exception occurred,mobile number exception occurred, 
うどん駒鳥 磯子,address exception occurred,mobile number exception occurred, 
串工房とりあえず 戸部店 Kushikobo toriaezu tobe,address exception occurred,mobile number exception occurred, 
アソビルカフェ ASOBUILD CAFÉ,address exception occurred,mobile number exception occurred, 
ドラゴンカルビ,"Japan, 〒220-0012 Kanagawa, Yokohama, Nishi Ward, Minatomirai, 2 Chome−2−1 ドックヤードガーデンB1 Landmark Plaza",+81 50-5461-3738, 
３代目 たいめいけんカレー 磯子,address exception occurred,mobile number exception occurred, 
キムカツDELI 大口店 Kimukatsu Deli OGUCHI,address exception occurred,mobile number exception occurred, 
牛かつ横濱川島屋 GYUKATSU YOKOHAMA KAWASHIMAYA,"3 Chome-35-2 Tokiwacho, Naka Ward, Yokohama, Kanagawa 231-0014, Japan",mobile number exception occurred, 
秋山親父のファンキータイガー 磯子,address exception occurred,mobile number exception occurred, 
博多名物 元祖肉肉うどん 磯子,address exception occurred,mobile number exception occurred, 
ビストロ ラフィーナ Bistrot LA-FINA,"Japan, 〒220-0011 Kanagawa, Yokohama, Nishi Ward, Takashima, 2 Chome−14−17 クレアトール横浜ビル",mobile number exception occurred, 
sprout スプラウト,address exception occurred,mobile number exception occurred, 
マッスルイート MUSCLE EAT,address exception occurred,mobile number exception occurred, 
醇香房 JUN KOU BOU,address exception occurred,mobile number exception occurred, 
こだわりとんかつ 神楽 磯子,"2229-8 Iwafune, Tochigi, 329-4307, Japan",mobile number exception occurred, 
ワインビストロ路地裏 Wine Bistro Rojiura,"1 Chome-9-7-102 Okano, Nishi Ward, Yokohama, Kanagawa 220-0073, Japan",mobile number exception occurred, 
福琳酒家,address exception occurred,mobile number exception occurred, 
パック.バブルズ.ドリンク 新横浜,address exception occurred,mobile number exception occurred, 
ムグライキッチン MUGLAI KITCHEN,address exception occurred,mobile number exception occurred, 
バターチキンカレー専門店 ☆スパイス Labo☆横浜西口店 (Butter Chicken Curry Spice Labo Ykohamanishiguchi),address exception occurred,mobile number exception occurred, 
スパイスガーデンレストラン Spice Garden Restaurant,address exception occurred,mobile number exception occurred, 
ブルーボトルコーヒー横浜カフェ,address exception occurred,mobile number exception occurred, 
KICHIRI 横浜,"Japan, 〒221-0835 Kanagawa, Yokohama, Kanagawa Ward, Tsuruyacho, 2 Chome−15−3 ＣＲＡＮＥ ＹＯＫＯＨＡＭＡ",mobile number exception occurred, 
オイノス新横浜 Oinos Shinyokohama,"GEMS新横浜7F ２丁目-5-17, Shinyokohama, Kohoku Ward, Yokohama, Kanagawa 222-0033, Japan",mobile number exception occurred, 
築地銀だこ イオン東神奈川店 Tsukiji Gindaco Aeon Higashi Kanagawa,"1 Tomiyacho, Kanagawa Ward, Yokohama, Kanagawa 221-0821, Japan",mobile number exception occurred, 
担々つけ麺 旨辛セサミ 横浜西口店【中華麺/炒飯/餃子】,address exception occurred,mobile number exception occurred, 
北海道料理 ユック 横浜西口店 hokkaidoriyyouriyukku kitanokaido,"Japan, 〒220-0004 Kanagawa, Yokohama, Nishi Ward, Kitasaiwai, 1 Chome−5−10 東京建物新横浜ビル B1",mobile number exception occurred, 
